incident_id,type,category,priority,latitude,longitude,date,time,timestamp,response_time_minutes,units_dispatched,address
INC-20230307-0001,Water Rescue,EMS,Medium,47.51831452470414,-122.3998664534089,2023-03-07,13:22:00,2023-03-07 13:22:00,8.4,3,"4150 Oak Dr, Seattle, AZ"
INC-20230222-0002,Gas Leak,Fire,Medium,47.530780146610184,-122.14782442423284,2023-02-22,21:03:00,2023-02-22 21:03:00,5.8,2,"2015 Cedar Dr, Seattle, AZ"
INC-20230220-0003,Fire Alarm,Fire,Low,47.54804391276309,-122.218549990137,2023-02-20,23:38:00,2023-02-20 23:38:00,8.1,1,"3758 Maple Dr, Seattle, AZ"
INC-20230128-0004,Medical Emergency,EMS,Medium,47.60864166641222,-121.99896760315312,2023-01-28,19:44:00,2023-01-28 19:44:00,6.7,1,"9491 Oak St, Seattle, AZ"
INC-20230317-0005,Water Rescue,EMS,Medium,47.51572521893268,-122.29449922823581,2023-03-17,03:55:00,2023-03-17 03:55:00,7.0,2,"4926 Main Blvd, Seattle, AZ"
INC-20230312-0006,Traffic Accident,EMS,Medium,47.77390956404756,-122.27603150674204,2023-03-12,11:10:00,2023-03-12 11:10:00,9.2,3,"5967 Cedar Ave, Seattle, AZ"
INC-20230110-0007,Medical Emergency,EMS,Medium,47.62645102031045,-122.41453690538161,2023-01-10,14:40:00,2023-01-10 14:40:00,7.9,2,"8347 Oak Dr, Seattle, AZ"
INC-20230127-0008,Fire Alarm,Fire,Low,47.83381177260524,-122.29014663999538,2023-01-27,21:58:00,2023-01-27 21:58:00,6.9,3,"2130 Pine Blvd, Seattle, AZ"
INC-20230111-0009,Fire Alarm,Fire,Low,47.63917663735207,-122.36247184855091,2023-01-11,11:51:00,2023-01-11 11:51:00,12.3,2,"877 Main Blvd, Seattle, AZ"
INC-20230209-0010,Fall,EMS,Low,47.82039474328914,-122.52613960915677,2023-02-09,02:21:00,2023-02-09 02:21:00,5.7,2,"3387 Oak Blvd, Seattle, AZ"
INC-20230213-0011,Medical Emergency,EMS,Medium,47.53348854094297,-122.31371595332948,2023-02-13,18:43:00,2023-02-13 18:43:00,6.8,3,"163 Pine Blvd, Seattle, AZ"
INC-20230313-0012,Structure Fire,Fire,High,47.620511536510435,-122.29965667681019,2023-03-13,06:46:00,2023-03-13 06:46:00,6.0,2,"9058 Oak Ave, Seattle, AZ"
INC-20230208-0013,Fire Alarm,Fire,Low,47.49197013958931,-122.09448223244448,2023-02-08,10:56:00,2023-02-08 10:56:00,7.9,3,"1878 Cedar Ave, Seattle, AZ"
INC-20230303-0014,Medical Emergency,EMS,Medium,47.59878188987767,-122.28601195764978,2023-03-03,02:40:00,2023-03-03 02:40:00,4.6,2,"503 Pine Blvd, Seattle, AZ"
INC-20230317-0015,Structure Fire,Fire,High,47.531207442934736,-122.11538503060869,2023-03-17,07:22:00,2023-03-17 07:22:00,4.1,3,"7624 Pine Blvd, Seattle, AZ"
INC-20230129-0016,Structure Fire,Fire,High,47.74185129548237,-122.39974056860355,2023-01-29,13:56:00,2023-01-29 13:56:00,4.9,2,"1924 Main Dr, Seattle, AZ"
INC-20230331-0017,Traffic Accident,EMS,Medium,47.56047613594195,-122.21131258930681,2023-03-31,11:39:00,2023-03-31 11:39:00,4.9,1,"8811 Oak Ave, Seattle, AZ"
INC-20230206-0018,Medical Emergency,EMS,Medium,47.63351200770894,-122.4555960209978,2023-02-06,07:36:00,2023-02-06 07:36:00,7.5,2,"5819 Pine St, Seattle, AZ"
INC-20230115-0019,Medical Emergency,EMS,Medium,47.65574775761647,-122.21060860820246,2023-01-15,01:53:00,2023-01-15 01:53:00,4.4,1,"2426 Maple St, Seattle, AZ"
INC-20230305-0020,Medical Emergency,EMS,Medium,47.603440709587545,-122.38859969214502,2023-03-05,01:07:00,2023-03-05 01:07:00,5.1,2,"6798 Oak St, Seattle, AZ"
INC-20230209-0021,Unconscious Person,EMS,High,47.72911688956022,-122.34215807538513,2023-02-09,07:26:00,2023-02-09 07:26:00,5.1,3,"4565 Pine Dr, Seattle, AZ"
INC-20230301-0022,Cardiac Arrest,EMS,High,47.65404829658663,-122.44459965509618,2023-03-01,20:44:00,2023-03-01 20:44:00,3.8,1,"7542 Pine Blvd, Seattle, AZ"
INC-20230303-0023,Fire Alarm,Fire,Low,47.59474994109283,-122.4412846372169,2023-03-03,08:27:00,2023-03-03 08:27:00,4.8,2,"4105 Maple Blvd, Seattle, AZ"
INC-20230216-0024,Medical Emergency,EMS,Medium,47.36935094904705,-122.38928487119429,2023-02-16,18:57:00,2023-02-16 18:57:00,3.2,1,"8447 Pine Dr, Seattle, AZ"
INC-20230108-0025,Traffic Accident,EMS,Medium,47.501542358404656,-122.15452976297215,2023-01-08,02:43:00,2023-01-08 02:43:00,5.0,1,"6481 Main Dr, Seattle, AZ"
INC-20230311-0026,Stroke,EMS,Low,47.72249944283631,-122.24517870684915,2023-03-11,07:59:00,2023-03-11 07:59:00,10.8,2,"7816 Pine Blvd, Seattle, AZ"
INC-20230104-0027,Fire Alarm,Fire,Low,47.8059868882285,-122.61797463680946,2023-01-04,02:36:00,2023-01-04 02:36:00,7.2,1,"8894 Pine Dr, Seattle, AZ"
INC-20230218-0028,Fire Alarm,Fire,Low,47.61365059878414,-122.46353570055413,2023-02-18,03:33:00,2023-02-18 03:33:00,8.1,3,"6360 Oak Ave, Seattle, AZ"
INC-20230113-0029,Fall,EMS,Low,47.53892288790298,-122.50949144658811,2023-01-13,04:11:00,2023-01-13 04:11:00,8.0,1,"2204 Pine Dr, Seattle, AZ"
INC-20230322-0030,Water Rescue,EMS,Medium,47.40984867549746,-122.23737925049521,2023-03-22,01:42:00,2023-03-22 01:42:00,6.2,1,"5861 Oak Ave, Seattle, AZ"
INC-20230114-0031,Traffic Accident,EMS,Medium,47.53843831031768,-122.2957126045225,2023-01-14,06:22:00,2023-01-14 06:22:00,8.0,3,"931 Oak Ave, Seattle, AZ"
INC-20230222-0032,Fire Alarm,Fire,Low,47.467337965434794,-122.23629567981307,2023-02-22,06:33:00,2023-02-22 06:33:00,5.8,3,"685 Oak Dr, Seattle, AZ"
INC-20230203-0033,Medical Emergency,EMS,Medium,47.59041524344933,-122.25839864103503,2023-02-03,13:13:00,2023-02-03 13:13:00,5.5,1,"8327 Oak Dr, Seattle, AZ"
INC-20230329-0034,Medical Emergency,EMS,Medium,47.55727451568175,-122.38983270759024,2023-03-29,12:47:00,2023-03-29 12:47:00,5.3,3,"1324 Maple St, Seattle, AZ"
INC-20230305-0035,Structure Fire,Fire,High,47.34305914939639,-122.30170579833846,2023-03-05,08:18:00,2023-03-05 08:18:00,4.0,2,"9476 Main Dr, Seattle, AZ"
INC-20230320-0036,Medical Emergency,EMS,Medium,47.720210810878875,-122.26338484927582,2023-03-20,22:47:00,2023-03-20 22:47:00,3.1,1,"1950 Pine St, Seattle, AZ"
INC-20230226-0037,Medical Emergency,EMS,Medium,47.57109528605201,-122.27346509602589,2023-02-26,08:40:00,2023-02-26 08:40:00,8.1,1,"2592 Oak Dr, Seattle, AZ"
INC-20230125-0038,Vehicle Fire,Fire,Medium,47.64864362616464,-122.21624256954148,2023-01-25,12:02:00,2023-01-25 12:02:00,6.2,3,"9846 Main Blvd, Seattle, AZ"
INC-20230219-0039,Structure Fire,Fire,High,47.52383365993457,-122.30724925589624,2023-02-19,15:32:00,2023-02-19 15:32:00,4.8,2,"4486 Oak Blvd, Seattle, AZ"
INC-20230228-0040,Traffic Accident,EMS,Medium,47.50762036234117,-122.36503637554554,2023-02-28,04:27:00,2023-02-28 04:27:00,6.3,1,"5937 Cedar Blvd, Seattle, AZ"
INC-20230130-0041,Gas Leak,Fire,Medium,47.60355262575494,-122.09647694663464,2023-01-30,14:13:00,2023-01-30 14:13:00,5.6,1,"1676 Pine Ave, Seattle, AZ"
INC-20230205-0042,Medical Emergency,EMS,Medium,47.374821373740325,-122.26865524965311,2023-02-05,23:16:00,2023-02-05 23:16:00,7.0,1,"3670 Main Ave, Seattle, AZ"
INC-20230120-0043,Fire Alarm,Fire,Low,47.71166398766082,-122.35435365893402,2023-01-20,08:49:00,2023-01-20 08:49:00,11.3,3,"411 Maple Blvd, Seattle, AZ"
INC-20230211-0044,Medical Emergency,EMS,Medium,47.70581899636093,-122.5111659422541,2023-02-11,10:23:00,2023-02-11 10:23:00,4.6,2,"780 Pine Dr, Seattle, AZ"
INC-20230305-0045,Traffic Accident,EMS,Medium,47.70019706568574,-122.3067715258185,2023-03-05,17:55:00,2023-03-05 17:55:00,8.8,3,"1347 Oak St, Seattle, AZ"
INC-20230312-0046,Fire Alarm,Fire,Low,47.59362029920991,-122.39736828252586,2023-03-12,15:43:00,2023-03-12 15:43:00,8.5,1,"7254 Cedar St, Seattle, AZ"
INC-20230311-0047,Medical Emergency,EMS,Medium,47.527277472590804,-122.26893877458195,2023-03-11,18:49:00,2023-03-11 18:49:00,5.8,3,"4879 Cedar Blvd, Seattle, AZ"
INC-20230207-0048,Water Rescue,EMS,Medium,47.51142647748564,-122.26669012908492,2023-02-07,13:31:00,2023-02-07 13:31:00,8.7,2,"222 Main Blvd, Seattle, AZ"
INC-20230129-0049,Medical Emergency,EMS,Medium,47.69705490762987,-122.12318483931176,2023-01-29,03:04:00,2023-01-29 03:04:00,9.1,2,"6195 Main Blvd, Seattle, AZ"
INC-20230326-0050,Medical Emergency,EMS,Medium,47.59621365037358,-122.34800373813319,2023-03-26,03:27:00,2023-03-26 03:27:00,3.2,2,"4148 Cedar Ave, Seattle, AZ"
INC-20230323-0051,Traffic Accident,EMS,Medium,47.762707867100886,-122.4101497303018,2023-03-23,08:19:00,2023-03-23 08:19:00,4.7,2,"8049 Cedar Dr, Seattle, AZ"
INC-20230211-0052,Medical Emergency,EMS,Medium,47.777679914978044,-122.37542380750287,2023-02-11,17:40:00,2023-02-11 17:40:00,6.2,1,"3008 Main Dr, Seattle, AZ"
INC-20230312-0053,Fire Alarm,Fire,Low,47.605571626591484,-122.37303906259051,2023-03-12,11:42:00,2023-03-12 11:42:00,6.8,1,"6437 Main Dr, Seattle, AZ"
INC-20230213-0054,Medical Emergency,EMS,Medium,47.83566488750875,-122.49869219862578,2023-02-13,20:12:00,2023-02-13 20:12:00,7.8,1,"3587 Main St, Seattle, AZ"
INC-20230221-0055,Structure Fire,Fire,High,47.64432065880393,-122.45842409730645,2023-02-21,18:37:00,2023-02-21 18:37:00,5.2,3,"7615 Main St, Seattle, AZ"
INC-20230301-0056,Medical Emergency,EMS,Medium,47.50138495435192,-122.40807871617706,2023-03-01,09:21:00,2023-03-01 09:21:00,2.9,3,"9204 Pine Dr, Seattle, AZ"
INC-20230208-0057,Fire Alarm,Fire,Low,47.74410800976928,-122.29476240065291,2023-02-08,23:35:00,2023-02-08 23:35:00,8.7,1,"8287 Maple Ave, Seattle, AZ"
INC-20230225-0058,Medical Emergency,EMS,Medium,47.613656263879406,-122.39995440763839,2023-02-25,16:05:00,2023-02-25 16:05:00,6.7,3,"9683 Main St, Seattle, AZ"
INC-20230128-0059,Medical Emergency,EMS,Medium,47.6089410953331,-122.08733820027098,2023-01-28,22:47:00,2023-01-28 22:47:00,6.6,2,"4198 Oak Ave, Seattle, AZ"
INC-20230302-0060,Water Rescue,EMS,Medium,47.58006562670957,-122.34443522931625,2023-03-02,21:25:00,2023-03-02 21:25:00,3.6,1,"8030 Main Dr, Seattle, AZ"
INC-20230318-0061,Medical Emergency,EMS,Medium,47.64212722955685,-122.1817256594212,2023-03-18,03:47:00,2023-03-18 03:47:00,3.5,1,"6582 Pine Ave, Seattle, AZ"
INC-20230331-0062,Fire Alarm,Fire,Low,47.48677952932056,-122.37965798500686,2023-03-31,01:56:00,2023-03-31 01:56:00,7.9,1,"7978 Oak Blvd, Seattle, AZ"
INC-20230130-0063,Medical Emergency,EMS,Medium,47.721485302800836,-122.22182181197395,2023-01-30,08:09:00,2023-01-30 08:09:00,7.1,1,"2264 Main Ave, Seattle, AZ"
INC-20230119-0064,Water Rescue,EMS,Medium,47.60658609314193,-122.28210644273085,2023-01-19,16:31:00,2023-01-19 16:31:00,9.1,1,"5362 Cedar Ave, Seattle, AZ"
INC-20230312-0065,Medical Emergency,EMS,Medium,47.6622544765596,-122.40913058515214,2023-03-12,16:23:00,2023-03-12 16:23:00,2.0,2,"7213 Main Dr, Seattle, AZ"
INC-20230208-0066,Medical Emergency,EMS,Medium,47.75893108007215,-122.2155724055602,2023-02-08,08:36:00,2023-02-08 08:36:00,7.1,3,"1845 Oak Ave, Seattle, AZ"
INC-20230219-0067,Gas Leak,Fire,Medium,47.615084981916304,-122.15765521513194,2023-02-19,02:59:00,2023-02-19 02:59:00,8.5,1,"6486 Pine Blvd, Seattle, AZ"
INC-20230122-0068,Traffic Accident,EMS,Medium,47.42962333503988,-122.44799035392997,2023-01-22,10:36:00,2023-01-22 10:36:00,6.8,2,"5336 Maple Dr, Seattle, AZ"
INC-20230212-0069,Structure Fire,Fire,High,47.62385996864402,-122.28014894798642,2023-02-12,21:54:00,2023-02-12 21:54:00,2.3,1,"6889 Cedar St, Seattle, AZ"
INC-20230205-0070,Hazmat,Fire,Low,47.65288816522786,-122.37189925149563,2023-02-05,20:59:00,2023-02-05 20:59:00,9.5,1,"5782 Cedar St, Seattle, AZ"
INC-20230206-0071,Medical Emergency,EMS,Medium,47.512637442739376,-122.46836783639229,2023-02-06,08:51:00,2023-02-06 08:51:00,6.8,2,"6031 Oak Blvd, Seattle, AZ"
INC-20230317-0072,Structure Fire,Fire,High,47.65420739257221,-122.30532419512733,2023-03-17,20:26:00,2023-03-17 20:26:00,5.7,2,"6015 Main Ave, Seattle, AZ"
INC-20230219-0073,Medical Emergency,EMS,Medium,47.50807063255823,-122.17428046450965,2023-02-19,21:45:00,2023-02-19 21:45:00,9.2,1,"769 Maple St, Seattle, AZ"
INC-20230109-0074,Water Rescue,EMS,Medium,47.587298592683425,-122.19029861864026,2023-01-09,11:14:00,2023-01-09 11:14:00,9.0,3,"2150 Main Ave, Seattle, AZ"
INC-20230111-0075,Structure Fire,Fire,High,47.73425049173492,-122.34121011671913,2023-01-11,02:22:00,2023-01-11 02:22:00,3.6,2,"2706 Cedar Ave, Seattle, AZ"
INC-20230331-0076,Vehicle Fire,Fire,Medium,47.65128248564159,-122.39908713667927,2023-03-31,19:22:00,2023-03-31 19:22:00,9.8,2,"3607 Maple St, Seattle, AZ"
INC-20230225-0077,Gas Leak,Fire,Medium,47.60556213374466,-121.99134577376327,2023-02-25,01:14:00,2023-02-25 01:14:00,6.0,1,"4148 Pine Blvd, Seattle, AZ"
INC-20230126-0078,Structure Fire,Fire,High,47.398349038842014,-122.08451595454744,2023-01-26,06:24:00,2023-01-26 06:24:00,1.5,2,"5075 Pine Blvd, Seattle, AZ"
INC-20230315-0079,Public Assist,EMS,Low,47.59417732027602,-122.24958969520178,2023-03-15,02:35:00,2023-03-15 02:35:00,8.2,3,"1425 Main Dr, Seattle, AZ"
INC-20230127-0080,Traffic Accident,EMS,Medium,47.85584560974594,-122.41482194371667,2023-01-27,23:53:00,2023-01-27 23:53:00,10.8,1,"2393 Maple Dr, Seattle, AZ"
INC-20230318-0081,Medical Emergency,EMS,Medium,47.64491702686592,-122.34576475992014,2023-03-18,15:47:00,2023-03-18 15:47:00,5.3,2,"9741 Main Ave, Seattle, AZ"
INC-20230226-0082,Medical Emergency,EMS,Medium,47.61624023555919,-122.29116896500017,2023-02-26,15:44:00,2023-02-26 15:44:00,3.4,1,"2563 Oak St, Seattle, AZ"
INC-20230208-0083,Medical Emergency,EMS,Medium,47.58756404928022,-122.16544479510674,2023-02-08,01:40:00,2023-02-08 01:40:00,6.0,2,"6235 Cedar Blvd, Seattle, AZ"
INC-20230316-0084,Medical Emergency,EMS,Medium,47.546930868057615,-122.48762734618762,2023-03-16,03:52:00,2023-03-16 03:52:00,7.9,3,"1611 Main Dr, Seattle, AZ"
INC-20230330-0085,Public Assist,EMS,Low,47.59296275924186,-122.36783189801379,2023-03-30,17:03:00,2023-03-30 17:03:00,10.1,3,"5084 Oak Ave, Seattle, AZ"
INC-20230226-0086,Traffic Accident,EMS,Medium,47.49105553225127,-122.34834264607348,2023-02-26,03:41:00,2023-02-26 03:41:00,5.5,1,"2000 Pine St, Seattle, AZ"
INC-20230107-0087,Medical Emergency,EMS,Medium,47.672787407805515,-122.1580062499087,2023-01-07,20:14:00,2023-01-07 20:14:00,6.8,3,"4879 Maple Dr, Seattle, AZ"
INC-20230225-0088,Medical Emergency,EMS,Medium,47.4997833111787,-122.42419282554668,2023-02-25,15:12:00,2023-02-25 15:12:00,5.8,1,"8321 Cedar Blvd, Seattle, AZ"
INC-20230106-0089,Traffic Accident,EMS,Medium,47.67368948500533,-122.30542131910313,2023-01-06,02:31:00,2023-01-06 02:31:00,6.1,1,"436 Cedar St, Seattle, AZ"
INC-20230324-0090,Vehicle Fire,Fire,Medium,47.749367189810044,-122.24904702404578,2023-03-24,11:05:00,2023-03-24 11:05:00,3.5,3,"6589 Main Ave, Seattle, AZ"
INC-20230219-0091,Medical Emergency,EMS,Medium,47.56997292058749,-122.22290795332385,2023-02-19,17:11:00,2023-02-19 17:11:00,8.6,2,"7205 Pine Blvd, Seattle, AZ"
INC-20230217-0092,Traffic Accident,EMS,Medium,47.386254764534414,-122.30225162135572,2023-02-17,10:38:00,2023-02-17 10:38:00,8.9,3,"9035 Maple St, Seattle, AZ"
INC-20230221-0093,Medical Emergency,EMS,Medium,47.509260012208266,-122.37168062951743,2023-02-21,15:20:00,2023-02-21 15:20:00,2.6,1,"9075 Main St, Seattle, AZ"
INC-20230110-0094,Cardiac Arrest,EMS,High,47.67498395674914,-122.33327272810655,2023-01-10,22:16:00,2023-01-10 22:16:00,1.8,1,"4000 Cedar Ave, Seattle, AZ"
INC-20230325-0095,Fire Alarm,Fire,Low,47.47459698274953,-122.28360558483709,2023-03-25,22:11:00,2023-03-25 22:11:00,11.2,3,"3860 Pine Blvd, Seattle, AZ"
INC-20230310-0096,Public Assist,EMS,Low,47.719972900623034,-122.32945162575966,2023-03-10,12:48:00,2023-03-10 12:48:00,8.5,1,"3000 Oak Dr, Seattle, AZ"
INC-20230105-0097,Medical Emergency,EMS,Medium,47.66379988691068,-122.36319623521662,2023-01-05,11:36:00,2023-01-05 11:36:00,7.8,2,"7304 Oak St, Seattle, AZ"
INC-20230130-0098,Medical Emergency,EMS,Medium,47.60012205686882,-122.38675139435165,2023-01-30,15:51:00,2023-01-30 15:51:00,6.1,3,"9299 Pine St, Seattle, AZ"
INC-20230203-0099,Public Assist,EMS,Low,47.40522846999967,-122.25595600368342,2023-02-03,00:26:00,2023-02-03 00:26:00,5.6,1,"7260 Pine Blvd, Seattle, AZ"
INC-20230105-0100,Water Rescue,EMS,Medium,47.6069848757258,-122.37141179658273,2023-01-05,14:46:00,2023-01-05 14:46:00,8.9,1,"9916 Cedar St, Seattle, AZ"
INC-20230326-0101,Vehicle Fire,Fire,Medium,47.60371632459989,-122.28637753203026,2023-03-26,17:00:00,2023-03-26 17:00:00,5.5,2,"3378 Oak Dr, Seattle, AZ"
INC-20230320-0102,Structure Fire,Fire,High,47.65606391070566,-122.37130853116655,2023-03-20,04:40:00,2023-03-20 04:40:00,5.0,2,"330 Maple Blvd, Seattle, AZ"
INC-20230201-0103,Fire Alarm,Fire,Low,47.595245754668156,-122.42085677177467,2023-02-01,07:35:00,2023-02-01 07:35:00,8.1,2,"422 Oak St, Seattle, AZ"
INC-20230107-0104,Medical Emergency,EMS,Medium,47.640707217409144,-122.58145889980047,2023-01-07,17:51:00,2023-01-07 17:51:00,8.1,1,"7759 Cedar Dr, Seattle, AZ"
INC-20230223-0105,Fire Alarm,Fire,Low,47.592201444141836,-122.31328322895189,2023-02-23,16:40:00,2023-02-23 16:40:00,10.4,1,"7494 Pine Blvd, Seattle, AZ"
INC-20230307-0106,Fire Alarm,Fire,Low,47.62094837947742,-122.47080305324606,2023-03-07,01:52:00,2023-03-07 01:52:00,8.3,2,"6037 Maple St, Seattle, AZ"
INC-20230201-0107,Medical Emergency,EMS,Medium,47.78283817209959,-122.42906428776512,2023-02-01,03:42:00,2023-02-01 03:42:00,2.0,1,"8941 Oak St, Seattle, AZ"
INC-20230206-0108,Water Rescue,EMS,Medium,47.46021785451374,-122.31459364039031,2023-02-06,00:18:00,2023-02-06 00:18:00,4.5,2,"5712 Maple Blvd, Seattle, AZ"
INC-20230112-0109,Fire Alarm,Fire,Low,47.643078753987545,-122.29225884780905,2023-01-12,01:16:00,2023-01-12 01:16:00,5.1,1,"7421 Maple Blvd, Seattle, AZ"
INC-20230331-0110,Public Assist,EMS,Low,47.493081650432174,-122.51191881868552,2023-03-31,03:26:00,2023-03-31 03:26:00,14.5,2,"6173 Main Ave, Seattle, AZ"
INC-20230204-0111,Traffic Accident,EMS,Medium,47.82899655469314,-122.46185491490353,2023-02-04,10:42:00,2023-02-04 10:42:00,4.7,2,"4953 Cedar Dr, Seattle, AZ"
INC-20230330-0112,Fire Alarm,Fire,Low,47.694779788016795,-122.3791919706094,2023-03-30,18:56:00,2023-03-30 18:56:00,8.9,2,"717 Oak Ave, Seattle, AZ"
INC-20230225-0113,Structure Fire,Fire,High,47.67594070848471,-122.2446202331313,2023-02-25,06:48:00,2023-02-25 06:48:00,6.3,1,"760 Maple Ave, Seattle, AZ"
INC-20230108-0114,Structure Fire,Fire,High,47.710651080086855,-122.34552550889823,2023-01-08,01:04:00,2023-01-08 01:04:00,5.9,2,"4949 Cedar Blvd, Seattle, AZ"
INC-20230331-0115,Gas Leak,Fire,Medium,47.445257987059435,-122.51685890003883,2023-03-31,13:45:00,2023-03-31 13:45:00,2.9,3,"8798 Cedar Ave, Seattle, AZ"
INC-20230125-0116,Traffic Accident,EMS,Medium,47.66745968718616,-122.389173389809,2023-01-25,02:52:00,2023-01-25 02:52:00,7.2,3,"1019 Pine St, Seattle, AZ"
INC-20230331-0117,Structure Fire,Fire,High,47.62916160424348,-122.33126046187637,2023-03-31,20:25:00,2023-03-31 20:25:00,7.2,2,"6105 Cedar Ave, Seattle, AZ"
INC-20230211-0118,Structure Fire,Fire,High,47.591640190220645,-122.19011720311133,2023-02-11,03:12:00,2023-02-11 03:12:00,4.9,1,"7939 Oak Blvd, Seattle, AZ"
INC-20230315-0119,Cardiac Arrest,EMS,High,47.78163476144213,-122.27698726059135,2023-03-15,11:48:00,2023-03-15 11:48:00,6.2,3,"7500 Cedar St, Seattle, AZ"
INC-20230228-0120,Water Rescue,EMS,Medium,47.65827479160254,-122.37094529017143,2023-02-28,04:59:00,2023-02-28 04:59:00,4.4,3,"6316 Main Ave, Seattle, AZ"
INC-20230112-0121,Stroke,EMS,Low,47.601447173945786,-122.46737583484453,2023-01-12,20:57:00,2023-01-12 20:57:00,7.2,2,"1400 Maple Ave, Seattle, AZ"
INC-20230204-0122,Gas Leak,Fire,Medium,47.7611696047376,-122.3693752896012,2023-02-04,06:40:00,2023-02-04 06:40:00,3.8,1,"8658 Pine Ave, Seattle, AZ"
INC-20230204-0123,Fire Alarm,Fire,Low,47.54767908364189,-122.39163637016475,2023-02-04,12:51:00,2023-02-04 12:51:00,10.8,3,"1548 Main St, Seattle, AZ"
INC-20230217-0124,Structure Fire,Fire,High,47.59752352502105,-122.24375945212704,2023-02-17,06:19:00,2023-02-17 06:19:00,3.3,2,"3743 Oak Ave, Seattle, AZ"
INC-20230117-0125,Vehicle Fire,Fire,Medium,47.74415991034274,-122.18537422649298,2023-01-17,11:56:00,2023-01-17 11:56:00,8.9,2,"2522 Oak Ave, Seattle, AZ"
INC-20230111-0126,Fire Alarm,Fire,Low,47.68290987004434,-122.28168066269114,2023-01-11,14:42:00,2023-01-11 14:42:00,10.0,3,"8124 Maple Blvd, Seattle, AZ"
INC-20230114-0127,Structure Fire,Fire,High,47.72858730874114,-122.52162551203291,2023-01-14,12:31:00,2023-01-14 12:31:00,6.8,1,"4633 Main St, Seattle, AZ"
INC-20230215-0128,Medical Emergency,EMS,Medium,47.47275301336826,-122.33027364569963,2023-02-15,08:47:00,2023-02-15 08:47:00,10.3,2,"3452 Maple Ave, Seattle, AZ"
INC-20230108-0129,Gas Leak,Fire,Medium,47.5040481439066,-122.29159577579325,2023-01-08,08:12:00,2023-01-08 08:12:00,7.5,1,"4955 Maple St, Seattle, AZ"
INC-20230228-0130,Fire Alarm,Fire,Low,47.57250694351557,-122.26632689009202,2023-02-28,14:07:00,2023-02-28 14:07:00,8.5,2,"5090 Pine Dr, Seattle, AZ"
INC-20230213-0131,Traffic Accident,EMS,Medium,47.438770824701415,-122.439661530992,2023-02-13,06:42:00,2023-02-13 06:42:00,2.3,1,"5407 Oak St, Seattle, AZ"
INC-20230313-0132,Medical Emergency,EMS,Medium,47.66766451694256,-122.43645132441306,2023-03-13,05:44:00,2023-03-13 05:44:00,9.2,1,"8622 Cedar St, Seattle, AZ"
INC-20230317-0133,Gas Leak,Fire,Medium,47.5489025196057,-122.27677644042262,2023-03-17,10:06:00,2023-03-17 10:06:00,6.6,2,"4879 Maple Dr, Seattle, AZ"
INC-20230108-0134,Fire Alarm,Fire,Low,47.644678868179,-122.35689173355385,2023-01-08,23:21:00,2023-01-08 23:21:00,9.4,2,"7502 Main Blvd, Seattle, AZ"
INC-20230130-0135,Hazmat,Fire,Low,47.60559957819644,-122.28642178285875,2023-01-30,04:05:00,2023-01-30 04:05:00,7.7,2,"4677 Main Blvd, Seattle, AZ"
INC-20230127-0136,Structure Fire,Fire,High,47.623079941231765,-122.41068946407512,2023-01-27,23:34:00,2023-01-27 23:34:00,4.0,1,"3984 Main St, Seattle, AZ"
INC-20230114-0137,Medical Emergency,EMS,Medium,47.60467334814573,-122.30989005178051,2023-01-14,05:26:00,2023-01-14 05:26:00,4.3,2,"3340 Main Ave, Seattle, AZ"
INC-20230113-0138,Fall,EMS,Low,47.47847002297812,-122.26947182987998,2023-01-13,13:51:00,2023-01-13 13:51:00,6.1,1,"5756 Main Ave, Seattle, AZ"
INC-20230314-0139,Gas Leak,Fire,Medium,47.623638990587644,-122.38393339542637,2023-03-14,04:18:00,2023-03-14 04:18:00,9.3,3,"8534 Cedar Ave, Seattle, AZ"
INC-20230218-0140,Medical Emergency,EMS,Medium,47.8214307736945,-122.23313500191315,2023-02-18,22:49:00,2023-02-18 22:49:00,6.8,1,"3261 Maple Blvd, Seattle, AZ"
INC-20230325-0141,Fire Alarm,Fire,Low,47.64562151319717,-122.34255852258681,2023-03-25,03:12:00,2023-03-25 03:12:00,8.0,3,"7113 Cedar Blvd, Seattle, AZ"
INC-20230203-0142,Stroke,EMS,Low,47.83315433263611,-122.39391978032101,2023-02-03,20:59:00,2023-02-03 20:59:00,5.4,3,"6862 Cedar St, Seattle, AZ"
INC-20230223-0143,Medical Emergency,EMS,Medium,47.42729855020659,-122.52684730033765,2023-02-23,18:18:00,2023-02-23 18:18:00,6.5,3,"2875 Cedar St, Seattle, AZ"
INC-20230310-0144,Traffic Accident,EMS,Medium,47.39563354794424,-122.46807529951685,2023-03-10,01:12:00,2023-03-10 01:12:00,8.8,1,"4578 Maple St, Seattle, AZ"
INC-20230101-0145,Traffic Accident,EMS,Medium,47.72911798167435,-122.33424186564648,2023-01-01,02:06:00,2023-01-01 02:06:00,7.8,2,"8780 Oak St, Seattle, AZ"
INC-20230125-0146,Fire Alarm,Fire,Low,47.473279851058436,-122.29440899548136,2023-01-25,07:29:00,2023-01-25 07:29:00,4.5,2,"9346 Main Ave, Seattle, AZ"
INC-20230310-0147,Vehicle Fire,Fire,Medium,47.68558201515716,-122.18351811767855,2023-03-10,16:02:00,2023-03-10 16:02:00,7.0,3,"5314 Pine St, Seattle, AZ"
INC-20230304-0148,Gas Leak,Fire,Medium,47.419000681577934,-122.41072235331423,2023-03-04,11:47:00,2023-03-04 11:47:00,4.7,1,"8011 Maple Ave, Seattle, AZ"
INC-20230204-0149,Structure Fire,Fire,High,47.63106972800289,-122.39431213604422,2023-02-04,19:13:00,2023-02-04 19:13:00,1.8,1,"8886 Oak Ave, Seattle, AZ"
INC-20230225-0150,Water Rescue,EMS,Medium,47.55254794922386,-122.1480901201977,2023-02-25,11:17:00,2023-02-25 11:17:00,9.7,3,"5221 Cedar Blvd, Seattle, AZ"
INC-20230222-0151,Fire Alarm,Fire,Low,47.6155723133694,-122.10626082408054,2023-02-22,09:34:00,2023-02-22 09:34:00,6.9,2,"5451 Pine Dr, Seattle, AZ"
INC-20230318-0152,Gas Leak,Fire,Medium,47.56430105469153,-122.24308578417356,2023-03-18,09:44:00,2023-03-18 09:44:00,9.2,3,"9092 Cedar Blvd, Seattle, AZ"
INC-20230317-0153,Medical Emergency,EMS,Medium,47.574855778263654,-122.26258084425685,2023-03-17,07:58:00,2023-03-17 07:58:00,2.6,2,"8183 Oak Blvd, Seattle, AZ"
INC-20230107-0154,Structure Fire,Fire,High,47.77562354480973,-122.36044839203659,2023-01-07,07:52:00,2023-01-07 07:52:00,4.1,1,"9083 Maple Dr, Seattle, AZ"
INC-20230308-0155,Medical Emergency,EMS,Medium,47.618500002410336,-122.3145791024196,2023-03-08,20:04:00,2023-03-08 20:04:00,2.2,2,"1024 Pine Ave, Seattle, AZ"
INC-20230225-0156,Medical Emergency,EMS,Medium,47.49147844439061,-122.19473744086478,2023-02-25,08:23:00,2023-02-25 08:23:00,5.1,2,"2874 Pine St, Seattle, AZ"
INC-20230121-0157,Medical Emergency,EMS,Medium,47.68279653148583,-122.26944972355226,2023-01-21,23:40:00,2023-01-21 23:40:00,2.0,3,"5253 Pine Dr, Seattle, AZ"
INC-20230128-0158,Vehicle Fire,Fire,Medium,47.4955347130572,-122.42758705423864,2023-01-28,07:05:00,2023-01-28 07:05:00,6.0,2,"2213 Cedar Ave, Seattle, AZ"
INC-20230329-0159,Structure Fire,Fire,High,47.58532094201099,-122.27622050679132,2023-03-29,11:22:00,2023-03-29 11:22:00,2.9,2,"3011 Cedar St, Seattle, AZ"
INC-20230129-0160,Water Rescue,EMS,Medium,47.585622737580806,-122.27047707990293,2023-01-29,09:26:00,2023-01-29 09:26:00,8.2,3,"5766 Cedar Dr, Seattle, AZ"
INC-20230317-0161,Medical Emergency,EMS,Medium,47.490298974152495,-122.2160405583946,2023-03-17,14:26:00,2023-03-17 14:26:00,7.0,3,"9717 Pine Blvd, Seattle, AZ"
INC-20230111-0162,Traffic Accident,EMS,Medium,47.72594758843204,-122.28563055027665,2023-01-11,20:42:00,2023-01-11 20:42:00,6.2,3,"1267 Pine Dr, Seattle, AZ"
INC-20230305-0163,Traffic Accident,EMS,Medium,47.497465396836475,-122.3656169920905,2023-03-05,10:45:00,2023-03-05 10:45:00,7.8,1,"3990 Maple Dr, Seattle, AZ"
INC-20230125-0164,Medical Emergency,EMS,Medium,47.68702969907135,-122.43289995238428,2023-01-25,14:07:00,2023-01-25 14:07:00,8.1,3,"7586 Oak Blvd, Seattle, AZ"
INC-20230204-0165,Fire Alarm,Fire,Low,47.40713781388224,-122.29195387659195,2023-02-04,07:30:00,2023-02-04 07:30:00,11.2,1,"2660 Pine Blvd, Seattle, AZ"
INC-20230326-0166,Medical Emergency,EMS,Medium,47.44208154202424,-122.4344441455824,2023-03-26,09:38:00,2023-03-26 09:38:00,3.3,3,"1578 Pine Dr, Seattle, AZ"
INC-20230207-0167,Gas Leak,Fire,Medium,47.633295791906896,-122.35196230177077,2023-02-07,01:24:00,2023-02-07 01:24:00,3.2,3,"7971 Pine Blvd, Seattle, AZ"
INC-20230301-0168,Traffic Accident,EMS,Medium,47.559143909977614,-122.33175612749126,2023-03-01,14:17:00,2023-03-01 14:17:00,6.1,2,"5287 Pine Dr, Seattle, AZ"
INC-20230306-0169,Medical Emergency,EMS,Medium,47.665853359320444,-122.18958386187147,2023-03-06,19:35:00,2023-03-06 19:35:00,7.7,1,"9951 Maple Blvd, Seattle, AZ"
INC-20230307-0170,Cardiac Arrest,EMS,High,47.47391482696698,-122.32550139033425,2023-03-07,17:07:00,2023-03-07 17:07:00,5.6,1,"4276 Maple Blvd, Seattle, AZ"
INC-20230325-0171,Structure Fire,Fire,High,47.44600580005007,-122.48427355539081,2023-03-25,07:52:00,2023-03-25 07:52:00,3.6,3,"1454 Maple St, Seattle, AZ"
INC-20230206-0172,Traffic Accident,EMS,Medium,47.66384733123836,-122.30073755272942,2023-02-06,19:38:00,2023-02-06 19:38:00,5.5,3,"5119 Oak St, Seattle, AZ"
INC-20230113-0173,Traffic Accident,EMS,Medium,47.62302505416203,-122.27560311605862,2023-01-13,00:01:00,2023-01-13 00:01:00,6.0,1,"6610 Maple St, Seattle, AZ"
INC-20230124-0174,Medical Emergency,EMS,Medium,47.66076466638562,-122.3418163872703,2023-01-24,06:10:00,2023-01-24 06:10:00,8.2,3,"5332 Main Ave, Seattle, AZ"
INC-20230219-0175,Medical Emergency,EMS,Medium,47.56545799845317,-122.32985993032453,2023-02-19,15:57:00,2023-02-19 15:57:00,6.7,1,"9551 Maple Dr, Seattle, AZ"
INC-20230311-0176,Water Rescue,EMS,Medium,47.535491616070956,-122.52988576366253,2023-03-11,15:46:00,2023-03-11 15:46:00,5.0,1,"715 Cedar St, Seattle, AZ"
INC-20230323-0177,Fire Alarm,Fire,Low,47.573782318455336,-122.34919302299058,2023-03-23,02:24:00,2023-03-23 02:24:00,6.0,2,"9107 Oak Dr, Seattle, AZ"
INC-20230115-0178,Gas Leak,Fire,Medium,47.657958589125556,-122.31579500017502,2023-01-15,08:12:00,2023-01-15 08:12:00,6.0,3,"2479 Maple St, Seattle, AZ"
INC-20230307-0179,Public Assist,EMS,Low,47.66082104760178,-122.36983615418319,2023-03-07,14:35:00,2023-03-07 14:35:00,8.9,3,"2969 Cedar Dr, Seattle, AZ"
INC-20230324-0180,Fire Alarm,Fire,Low,47.55674284984646,-122.34989408092605,2023-03-24,19:16:00,2023-03-24 19:16:00,8.9,3,"9792 Maple Blvd, Seattle, AZ"
INC-20230327-0181,Structure Fire,Fire,High,47.64838213920376,-122.22627093965878,2023-03-27,04:56:00,2023-03-27 04:56:00,2.8,1,"3004 Main Dr, Seattle, AZ"
INC-20230125-0182,Traffic Accident,EMS,Medium,47.53432740069579,-122.63415932695446,2023-01-25,14:10:00,2023-01-25 14:10:00,6.3,3,"5248 Maple Ave, Seattle, AZ"
INC-20230117-0183,Medical Emergency,EMS,Medium,47.59475729869405,-122.46788552104783,2023-01-17,04:20:00,2023-01-17 04:20:00,5.1,3,"516 Cedar Ave, Seattle, AZ"
INC-20230101-0184,Unconscious Person,EMS,High,47.517605616846666,-122.43468624856466,2023-01-01,04:20:00,2023-01-01 04:20:00,2.7,2,"3756 Oak Dr, Seattle, AZ"
INC-20230114-0185,Structure Fire,Fire,High,47.61353752639003,-122.37313523994109,2023-01-14,09:27:00,2023-01-14 09:27:00,5.7,3,"8713 Maple Ave, Seattle, AZ"
INC-20230219-0186,Medical Emergency,EMS,Medium,47.580357012978446,-122.36642485499046,2023-02-19,05:07:00,2023-02-19 05:07:00,6.8,2,"6092 Maple St, Seattle, AZ"
INC-20230316-0187,Medical Emergency,EMS,Medium,47.618671110920324,-122.35294977906467,2023-03-16,18:11:00,2023-03-16 18:11:00,5.6,2,"5893 Cedar St, Seattle, AZ"
INC-20230207-0188,Fire Alarm,Fire,Low,47.519916069745285,-122.46073173640936,2023-02-07,09:27:00,2023-02-07 09:27:00,6.4,3,"5242 Maple Blvd, Seattle, AZ"
INC-20230221-0189,Fire Alarm,Fire,Low,47.596000659837244,-122.17562383548785,2023-02-21,10:36:00,2023-02-21 10:36:00,5.4,3,"8524 Main Ave, Seattle, AZ"
INC-20230321-0190,Fire Alarm,Fire,Low,47.42002191125131,-122.39972956573764,2023-03-21,01:37:00,2023-03-21 01:37:00,5.4,2,"1650 Main Ave, Seattle, AZ"
INC-20230212-0191,Medical Emergency,EMS,Medium,47.5567802178796,-122.38683055374904,2023-02-12,15:43:00,2023-02-12 15:43:00,5.1,1,"8386 Oak Dr, Seattle, AZ"
INC-20230123-0192,Medical Emergency,EMS,Medium,47.73188865368596,-122.31272686743658,2023-01-23,13:17:00,2023-01-23 13:17:00,8.2,2,"8984 Main Blvd, Seattle, AZ"
INC-20230124-0193,Medical Emergency,EMS,Medium,47.471050261795014,-122.28421874459906,2023-01-24,07:32:00,2023-01-24 07:32:00,6.0,1,"3069 Pine Blvd, Seattle, AZ"
INC-20230222-0194,Medical Emergency,EMS,Medium,47.49325012547204,-122.40622396137864,2023-02-22,14:37:00,2023-02-22 14:37:00,3.7,2,"5159 Main Blvd, Seattle, AZ"
INC-20230126-0195,Traffic Accident,EMS,Medium,47.59745401441483,-122.2244562075011,2023-01-26,04:13:00,2023-01-26 04:13:00,4.5,2,"9822 Main Blvd, Seattle, AZ"
INC-20230228-0196,Structure Fire,Fire,High,47.67381075775891,-122.38428197902647,2023-02-28,13:05:00,2023-02-28 13:05:00,4.5,1,"5484 Maple Ave, Seattle, AZ"
INC-20230222-0197,Medical Emergency,EMS,Medium,47.60988448690068,-122.20002359113025,2023-02-22,17:39:00,2023-02-22 17:39:00,5.2,1,"6548 Maple Blvd, Seattle, AZ"
INC-20230205-0198,Medical Emergency,EMS,Medium,47.73880703009774,-122.31574009534988,2023-02-05,13:40:00,2023-02-05 13:40:00,10.2,3,"5122 Pine Blvd, Seattle, AZ"
INC-20230325-0199,Traffic Accident,EMS,Medium,47.78585448302947,-122.51365970991081,2023-03-25,14:49:00,2023-03-25 14:49:00,4.2,2,"6397 Oak St, Seattle, AZ"
INC-20230108-0200,Medical Emergency,EMS,Medium,47.630335451600224,-122.14167976324123,2023-01-08,03:02:00,2023-01-08 03:02:00,4.9,2,"5509 Pine St, Seattle, AZ"
INC-20230317-0201,Fire Alarm,Fire,Low,47.69304351225385,-122.42063428127926,2023-03-17,23:23:00,2023-03-17 23:23:00,7.9,1,"2142 Maple Ave, Seattle, AZ"
INC-20230107-0202,Medical Emergency,EMS,Medium,47.5702792620725,-122.2937546680741,2023-01-07,07:07:00,2023-01-07 07:07:00,5.3,2,"7525 Cedar St, Seattle, AZ"
INC-20230220-0203,Fire Alarm,Fire,Low,47.53552319002938,-122.32847379164396,2023-02-20,06:13:00,2023-02-20 06:13:00,8.8,3,"987 Cedar Dr, Seattle, AZ"
INC-20230203-0204,Medical Emergency,EMS,Medium,47.796635017646395,-122.39213546826966,2023-02-03,10:03:00,2023-02-03 10:03:00,6.0,2,"5831 Pine Ave, Seattle, AZ"
INC-20230224-0205,Structure Fire,Fire,High,47.662025827084655,-122.31529215241612,2023-02-24,20:05:00,2023-02-24 20:05:00,5.2,3,"9611 Pine Dr, Seattle, AZ"
INC-20230124-0206,Fire Alarm,Fire,Low,47.708139903181014,-122.60884276889749,2023-01-24,11:35:00,2023-01-24 11:35:00,6.5,2,"6134 Oak Blvd, Seattle, AZ"
INC-20230126-0207,Fire Alarm,Fire,Low,47.700123059078116,-122.3708847361047,2023-01-26,13:23:00,2023-01-26 13:23:00,6.2,2,"4850 Maple Ave, Seattle, AZ"
INC-20230205-0208,Medical Emergency,EMS,Medium,47.533490068062775,-122.36168084966133,2023-02-05,10:23:00,2023-02-05 10:23:00,3.6,3,"8292 Maple Dr, Seattle, AZ"
INC-20230205-0209,Medical Emergency,EMS,Medium,47.634055331221354,-122.3806042709608,2023-02-05,09:53:00,2023-02-05 09:53:00,3.4,1,"1962 Pine St, Seattle, AZ"
INC-20230215-0210,Hazmat,Fire,Low,47.67020476377522,-122.22291056478583,2023-02-15,03:03:00,2023-02-15 03:03:00,7.6,3,"6952 Pine Blvd, Seattle, AZ"
INC-20230328-0211,Medical Emergency,EMS,Medium,47.58020027346017,-122.3329109653034,2023-03-28,06:25:00,2023-03-28 06:25:00,6.1,3,"6593 Cedar Blvd, Seattle, AZ"
INC-20230310-0212,Public Assist,EMS,Low,47.73495583948438,-122.37023630427554,2023-03-10,21:57:00,2023-03-10 21:57:00,12.0,1,"194 Maple Ave, Seattle, AZ"
INC-20230131-0213,Medical Emergency,EMS,Medium,47.49182435516611,-122.24349949696543,2023-01-31,21:38:00,2023-01-31 21:38:00,8.3,1,"9663 Maple Ave, Seattle, AZ"
INC-20230326-0214,Gas Leak,Fire,Medium,47.568803760962034,-122.27284526236195,2023-03-26,10:55:00,2023-03-26 10:55:00,9.3,2,"9484 Pine St, Seattle, AZ"
INC-20230325-0215,Hazmat,Fire,Low,47.52000737580153,-122.35355366544607,2023-03-25,09:27:00,2023-03-25 09:27:00,8.1,1,"2076 Cedar St, Seattle, AZ"
INC-20230214-0216,Structure Fire,Fire,High,47.66457514854121,-122.35227143044929,2023-02-14,00:42:00,2023-02-14 00:42:00,3.2,3,"9611 Pine Dr, Seattle, AZ"
INC-20230324-0217,Structure Fire,Fire,High,47.606024353865806,-122.24694352513613,2023-03-24,02:17:00,2023-03-24 02:17:00,3.2,1,"4069 Pine Dr, Seattle, AZ"
INC-20230102-0218,Fire Alarm,Fire,Low,47.63186321328295,-122.46597052106978,2023-01-02,21:27:00,2023-01-02 21:27:00,11.0,1,"7628 Oak Ave, Seattle, AZ"
INC-20230329-0219,Structure Fire,Fire,High,47.59516257305417,-122.34453324583367,2023-03-29,13:22:00,2023-03-29 13:22:00,3.5,3,"4415 Maple Dr, Seattle, AZ"
INC-20230122-0220,Medical Emergency,EMS,Medium,47.46134135784313,-122.42078922897694,2023-01-22,09:18:00,2023-01-22 09:18:00,6.7,1,"7096 Pine Blvd, Seattle, AZ"
INC-20230319-0221,Traffic Accident,EMS,Medium,47.685687868533236,-122.4491133770591,2023-03-19,01:44:00,2023-03-19 01:44:00,3.8,2,"8627 Pine St, Seattle, AZ"
INC-20230313-0222,Fire Alarm,Fire,Low,47.57131745393463,-122.36778362640909,2023-03-13,08:09:00,2023-03-13 08:09:00,5.2,3,"4284 Maple Ave, Seattle, AZ"
INC-20230112-0223,Traffic Accident,EMS,Medium,47.591823649932024,-122.28326739505928,2023-01-12,07:42:00,2023-01-12 07:42:00,5.0,1,"4235 Pine Dr, Seattle, AZ"
INC-20230308-0224,Public Assist,EMS,Low,47.73169166347168,-122.48140723099289,2023-03-08,08:33:00,2023-03-08 08:33:00,9.2,2,"6775 Main Ave, Seattle, AZ"
INC-20230323-0225,Medical Emergency,EMS,Medium,47.70800623015552,-122.23522424139564,2023-03-23,04:19:00,2023-03-23 04:19:00,3.6,3,"5371 Pine St, Seattle, AZ"
INC-20230323-0226,Traffic Accident,EMS,Medium,47.548015301565755,-122.42989435274629,2023-03-23,20:43:00,2023-03-23 20:43:00,11.1,3,"9610 Oak Dr, Seattle, AZ"
INC-20230101-0227,Medical Emergency,EMS,Medium,47.51469149851929,-122.4414327029574,2023-01-01,22:09:00,2023-01-01 22:09:00,4.8,1,"1520 Oak Dr, Seattle, AZ"
INC-20230202-0228,Gas Leak,Fire,Medium,47.652753592712315,-122.17992636915855,2023-02-02,09:40:00,2023-02-02 09:40:00,7.6,1,"8236 Main Dr, Seattle, AZ"
INC-20230110-0229,Medical Emergency,EMS,Medium,47.57456234134303,-122.31403450529577,2023-01-10,19:44:00,2023-01-10 19:44:00,3.1,2,"5177 Oak Ave, Seattle, AZ"
INC-20230206-0230,Traffic Accident,EMS,Medium,47.74537970671035,-122.21694891726048,2023-02-06,22:20:00,2023-02-06 22:20:00,4.4,1,"4766 Maple Ave, Seattle, AZ"
INC-20230326-0231,Medical Emergency,EMS,Medium,47.570580474822464,-122.2837188286663,2023-03-26,05:22:00,2023-03-26 05:22:00,7.6,3,"2997 Main St, Seattle, AZ"
INC-20230110-0232,Structure Fire,Fire,High,47.59632186202521,-122.35013501964892,2023-01-10,09:53:00,2023-01-10 09:53:00,4.7,3,"4806 Pine Ave, Seattle, AZ"
INC-20230217-0233,Medical Emergency,EMS,Medium,47.66649237694289,-122.31574139530424,2023-02-17,06:47:00,2023-02-17 06:47:00,8.1,1,"6623 Maple Ave, Seattle, AZ"
INC-20230117-0234,Traffic Accident,EMS,Medium,47.54187700498479,-122.46774033936542,2023-01-17,05:41:00,2023-01-17 05:41:00,9.3,2,"8857 Pine Blvd, Seattle, AZ"
INC-20230111-0235,Fire Alarm,Fire,Low,47.555276811849104,-122.21580120859812,2023-01-11,03:58:00,2023-01-11 03:58:00,11.1,2,"3910 Oak St, Seattle, AZ"
INC-20230303-0236,Gas Leak,Fire,Medium,47.6286439053556,-122.402825693653,2023-03-03,23:58:00,2023-03-03 23:58:00,5.6,2,"6743 Cedar Ave, Seattle, AZ"
INC-20230115-0237,Medical Emergency,EMS,Medium,47.59480057830508,-122.33426309142335,2023-01-15,02:39:00,2023-01-15 02:39:00,6.0,2,"6883 Cedar St, Seattle, AZ"
INC-20230323-0238,Traffic Accident,EMS,Medium,47.73518228639039,-122.25428443705205,2023-03-23,01:02:00,2023-03-23 01:02:00,8.9,1,"1983 Pine Ave, Seattle, AZ"
INC-20230328-0239,Medical Emergency,EMS,Medium,47.46367375351197,-122.40160325638344,2023-03-28,12:23:00,2023-03-28 12:23:00,11.7,2,"3746 Oak Ave, Seattle, AZ"
INC-20230220-0240,Gas Leak,Fire,Medium,47.41606091405148,-122.52773082014049,2023-02-20,04:41:00,2023-02-20 04:41:00,2.0,3,"1453 Oak Blvd, Seattle, AZ"
INC-20230314-0241,Fire Alarm,Fire,Low,47.58655476506023,-122.28799838148818,2023-03-14,10:38:00,2023-03-14 10:38:00,11.6,3,"4383 Main St, Seattle, AZ"
INC-20230121-0242,Public Assist,EMS,Low,47.50572105924928,-122.46879135867216,2023-01-21,21:11:00,2023-01-21 21:11:00,10.4,1,"5795 Pine Ave, Seattle, AZ"
INC-20230213-0243,Structure Fire,Fire,High,47.594478777004745,-122.31838249676723,2023-02-13,21:13:00,2023-02-13 21:13:00,4.0,2,"9084 Cedar Blvd, Seattle, AZ"
INC-20230215-0244,Traffic Accident,EMS,Medium,47.53457440452243,-122.36960952351015,2023-02-15,14:46:00,2023-02-15 14:46:00,7.0,1,"5812 Maple Blvd, Seattle, AZ"
INC-20230110-0245,Public Assist,EMS,Low,47.741854325586864,-122.22226406652406,2023-01-10,09:32:00,2023-01-10 09:32:00,7.9,3,"8750 Main Ave, Seattle, AZ"
INC-20230131-0246,Vehicle Fire,Fire,Medium,47.598203384835045,-122.2251427685216,2023-01-31,02:39:00,2023-01-31 02:39:00,6.4,1,"8640 Cedar Blvd, Seattle, AZ"
INC-20230223-0247,Fire Alarm,Fire,Low,47.58060949183315,-122.33860308540213,2023-02-23,19:25:00,2023-02-23 19:25:00,3.9,1,"2801 Maple Ave, Seattle, AZ"
INC-20230105-0248,Fire Alarm,Fire,Low,47.65131744993911,-122.39342201385118,2023-01-05,07:17:00,2023-01-05 07:17:00,9.1,2,"8241 Main Blvd, Seattle, AZ"
INC-20230316-0249,Medical Emergency,EMS,Medium,47.60853908670658,-122.3333397009413,2023-03-16,22:57:00,2023-03-16 22:57:00,4.6,3,"7059 Main Ave, Seattle, AZ"
INC-20230215-0250,Vehicle Fire,Fire,Medium,47.63219930253966,-122.2104339772389,2023-02-15,08:39:00,2023-02-15 08:39:00,3.0,1,"9683 Oak Ave, Seattle, AZ"
INC-20230214-0251,Gas Leak,Fire,Medium,47.48625480587953,-122.33609158648271,2023-02-14,14:51:00,2023-02-14 14:51:00,8.8,1,"5079 Cedar Blvd, Seattle, AZ"
INC-20230218-0252,Structure Fire,Fire,High,47.716962222606185,-122.30531490774207,2023-02-18,06:53:00,2023-02-18 06:53:00,6.7,2,"8614 Maple Dr, Seattle, AZ"
INC-20230202-0253,Medical Emergency,EMS,Medium,47.58791163248218,-122.39036970129797,2023-02-02,13:36:00,2023-02-02 13:36:00,4.6,3,"5454 Main St, Seattle, AZ"
INC-20230106-0254,Hazmat,Fire,Low,47.480009166149905,-122.24295893973085,2023-01-06,07:35:00,2023-01-06 07:35:00,7.0,2,"7398 Cedar St, Seattle, AZ"
INC-20230116-0255,Structure Fire,Fire,High,47.53023841546438,-122.17864500608559,2023-01-16,04:33:00,2023-01-16 04:33:00,5.5,1,"5107 Cedar Dr, Seattle, AZ"
INC-20230327-0256,Fire Alarm,Fire,Low,47.59421253338863,-122.23701383733436,2023-03-27,01:56:00,2023-03-27 01:56:00,12.4,3,"461 Cedar Dr, Seattle, AZ"
INC-20230220-0257,Structure Fire,Fire,High,47.552420822868434,-122.3274600240968,2023-02-20,10:39:00,2023-02-20 10:39:00,6.6,1,"8435 Maple St, Seattle, AZ"
INC-20230207-0258,Structure Fire,Fire,High,47.45689147612811,-122.36920846474997,2023-02-07,07:13:00,2023-02-07 07:13:00,3.5,2,"6350 Main Ave, Seattle, AZ"
INC-20230329-0259,Medical Emergency,EMS,Medium,47.61861968967761,-122.2787736130153,2023-03-29,01:25:00,2023-03-29 01:25:00,4.7,2,"8741 Pine St, Seattle, AZ"
INC-20230320-0260,Hazmat,Fire,Low,47.69826254920452,-122.44565376795752,2023-03-20,21:21:00,2023-03-20 21:21:00,11.1,1,"1763 Maple St, Seattle, AZ"
INC-20230208-0261,Traffic Accident,EMS,Medium,47.65655135430549,-122.28230407058605,2023-02-08,13:37:00,2023-02-08 13:37:00,5.3,1,"7021 Maple Dr, Seattle, AZ"
INC-20230209-0262,Traffic Accident,EMS,Medium,47.405006548370274,-122.42216823397374,2023-02-09,10:17:00,2023-02-09 10:17:00,6.0,3,"8881 Main Blvd, Seattle, AZ"
INC-20230315-0263,Medical Emergency,EMS,Medium,47.38086867263769,-122.32706035734142,2023-03-15,19:25:00,2023-03-15 19:25:00,5.1,2,"445 Cedar Dr, Seattle, AZ"
INC-20230330-0264,Traffic Accident,EMS,Medium,47.68076432309978,-122.34264113420937,2023-03-30,13:26:00,2023-03-30 13:26:00,8.0,2,"7252 Main Blvd, Seattle, AZ"
INC-20230320-0265,Vehicle Fire,Fire,Medium,47.59501479120306,-122.30452534601929,2023-03-20,13:19:00,2023-03-20 13:19:00,5.5,2,"6304 Oak St, Seattle, AZ"
INC-20230118-0266,Medical Emergency,EMS,Medium,47.545215467913465,-122.44142079423708,2023-01-18,17:00:00,2023-01-18 17:00:00,5.6,1,"1095 Cedar Blvd, Seattle, AZ"
INC-20230313-0267,Water Rescue,EMS,Medium,47.6933111578303,-122.24409085868697,2023-03-13,07:17:00,2023-03-13 07:17:00,7.2,1,"5828 Cedar Ave, Seattle, AZ"
INC-20230313-0268,Hazmat,Fire,Low,47.66882511259894,-122.27146351144225,2023-03-13,13:52:00,2023-03-13 13:52:00,3.9,3,"3585 Pine Blvd, Seattle, AZ"
INC-20230206-0269,Structure Fire,Fire,High,47.6822170762772,-122.39326120513462,2023-02-06,22:38:00,2023-02-06 22:38:00,3.4,2,"8568 Main Ave, Seattle, AZ"
INC-20230220-0270,Medical Emergency,EMS,Medium,47.595363811318755,-122.29325099417852,2023-02-20,05:06:00,2023-02-20 05:06:00,5.1,1,"707 Main St, Seattle, AZ"
INC-20230226-0271,Medical Emergency,EMS,Medium,47.555322723935014,-122.37722044904815,2023-02-26,13:10:00,2023-02-26 13:10:00,6.2,3,"8394 Main Dr, Seattle, AZ"
INC-20230206-0272,Medical Emergency,EMS,Medium,47.681230064186664,-122.37955595945331,2023-02-06,09:56:00,2023-02-06 09:56:00,5.1,1,"3219 Cedar Blvd, Seattle, AZ"
INC-20230219-0273,Water Rescue,EMS,Medium,47.48952970625782,-122.31295820193012,2023-02-19,04:10:00,2023-02-19 04:10:00,4.2,2,"9800 Pine Dr, Seattle, AZ"
INC-20230205-0274,Medical Emergency,EMS,Medium,47.679605772104246,-122.38640194794318,2023-02-05,11:04:00,2023-02-05 11:04:00,7.6,3,"2292 Maple Ave, Seattle, AZ"
INC-20230114-0275,Medical Emergency,EMS,Medium,47.72111821645826,-122.31420849930794,2023-01-14,14:40:00,2023-01-14 14:40:00,7.4,2,"6964 Main Dr, Seattle, AZ"
INC-20230329-0276,Medical Emergency,EMS,Medium,47.693133827254016,-122.19003536148705,2023-03-29,15:32:00,2023-03-29 15:32:00,9.0,1,"4193 Maple Dr, Seattle, AZ"
INC-20230324-0277,Vehicle Fire,Fire,Medium,47.65846075607476,-122.30493936309585,2023-03-24,14:41:00,2023-03-24 14:41:00,4.9,3,"5966 Cedar Dr, Seattle, AZ"
INC-20230303-0278,Fire Alarm,Fire,Low,47.530449963567456,-122.26257756506682,2023-03-03,07:25:00,2023-03-03 07:25:00,3.2,3,"3722 Oak Dr, Seattle, AZ"
INC-20230312-0279,Stroke,EMS,Low,47.63422981197933,-122.32992577734552,2023-03-12,22:03:00,2023-03-12 22:03:00,8.6,1,"2458 Oak Dr, Seattle, AZ"
INC-20230121-0280,Fire Alarm,Fire,Low,47.49504333219678,-122.45207519966078,2023-01-21,14:39:00,2023-01-21 14:39:00,9.1,3,"3786 Pine Blvd, Seattle, AZ"
INC-20230107-0281,Hazmat,Fire,Low,47.39855005143925,-122.3596982406059,2023-01-07,11:53:00,2023-01-07 11:53:00,4.0,3,"1432 Pine Ave, Seattle, AZ"
INC-20230105-0282,Stroke,EMS,Low,47.540454684853934,-122.38969721069118,2023-01-05,14:09:00,2023-01-05 14:09:00,10.6,2,"8593 Oak St, Seattle, AZ"
INC-20230213-0283,Stroke,EMS,Low,47.654132690245724,-122.38407827779716,2023-02-13,02:35:00,2023-02-13 02:35:00,10.2,3,"5732 Maple Ave, Seattle, AZ"
INC-20230127-0284,Medical Emergency,EMS,Medium,47.563788009356045,-122.34325176109401,2023-01-27,14:28:00,2023-01-27 14:28:00,4.2,1,"4057 Maple Dr, Seattle, AZ"
INC-20230221-0285,Medical Emergency,EMS,Medium,47.720284922117294,-122.4022141123814,2023-02-21,07:37:00,2023-02-21 07:37:00,9.3,2,"1225 Oak Ave, Seattle, AZ"
INC-20230127-0286,Medical Emergency,EMS,Medium,47.560120151411255,-122.14923621024217,2023-01-27,22:25:00,2023-01-27 22:25:00,10.2,3,"4229 Oak Blvd, Seattle, AZ"
INC-20230214-0287,Public Assist,EMS,Low,47.5795898284554,-122.34416247276539,2023-02-14,20:42:00,2023-02-14 20:42:00,11.4,1,"4813 Cedar Dr, Seattle, AZ"
INC-20230120-0288,Medical Emergency,EMS,Medium,47.731229473301525,-122.22867412354228,2023-01-20,13:13:00,2023-01-20 13:13:00,6.6,1,"8246 Cedar Blvd, Seattle, AZ"
INC-20230323-0289,Medical Emergency,EMS,Medium,47.62864459022438,-122.27967498299334,2023-03-23,23:52:00,2023-03-23 23:52:00,6.2,1,"9017 Cedar Blvd, Seattle, AZ"
INC-20230125-0290,Medical Emergency,EMS,Medium,47.50105927101589,-122.26563500136547,2023-01-25,19:23:00,2023-01-25 19:23:00,4.9,3,"5311 Pine Blvd, Seattle, AZ"
INC-20230309-0291,Cardiac Arrest,EMS,High,47.63342642027504,-122.32405661918756,2023-03-09,09:53:00,2023-03-09 09:53:00,4.3,2,"9619 Cedar St, Seattle, AZ"
INC-20230107-0292,Medical Emergency,EMS,Medium,47.45503387859346,-122.1484878561951,2023-01-07,11:32:00,2023-01-07 11:32:00,3.4,1,"5002 Maple Dr, Seattle, AZ"
INC-20230203-0293,Structure Fire,Fire,High,47.66899950098139,-122.42872735126967,2023-02-03,06:15:00,2023-02-03 06:15:00,6.1,1,"7211 Cedar Blvd, Seattle, AZ"
INC-20230203-0294,Fire Alarm,Fire,Low,47.4048816391784,-122.15923697990104,2023-02-03,21:07:00,2023-02-03 21:07:00,13.5,2,"9000 Maple St, Seattle, AZ"
INC-20230123-0295,Vehicle Fire,Fire,Medium,47.53259982908914,-122.21907739044363,2023-01-23,02:39:00,2023-01-23 02:39:00,6.5,1,"3611 Oak Blvd, Seattle, AZ"
INC-20230120-0296,Medical Emergency,EMS,Medium,47.6069342979538,-122.36534036502404,2023-01-20,15:31:00,2023-01-20 15:31:00,6.3,3,"6647 Pine St, Seattle, AZ"
INC-20230207-0297,Traffic Accident,EMS,Medium,47.62278330800971,-122.27471814221072,2023-02-07,00:13:00,2023-02-07 00:13:00,5.6,2,"5123 Main Dr, Seattle, AZ"
INC-20230116-0298,Medical Emergency,EMS,Medium,47.566702367623606,-122.2585298699789,2023-01-16,10:14:00,2023-01-16 10:14:00,8.0,3,"1811 Oak Ave, Seattle, AZ"
INC-20230208-0299,Traffic Accident,EMS,Medium,47.65069283666531,-122.39415913651112,2023-02-08,08:59:00,2023-02-08 08:59:00,7.7,3,"2158 Main Blvd, Seattle, AZ"
INC-20230208-0300,Fire Alarm,Fire,Low,47.597584654600325,-122.47216684339996,2023-02-08,09:21:00,2023-02-08 09:21:00,7.6,1,"8582 Maple Ave, Seattle, AZ"
INC-20230210-0301,Difficulty Breathing,EMS,High,47.7130473918786,-122.36892703597333,2023-02-10,06:16:00,2023-02-10 06:16:00,2.1,1,"4538 Oak Blvd, Seattle, AZ"
INC-20230302-0302,Traffic Accident,EMS,Medium,47.49257836338275,-122.5043476806328,2023-03-02,13:19:00,2023-03-02 13:19:00,5.6,3,"2700 Oak St, Seattle, AZ"
INC-20230306-0303,Structure Fire,Fire,High,47.58991464650833,-122.29678093615219,2023-03-06,08:59:00,2023-03-06 08:59:00,6.4,3,"6735 Pine Dr, Seattle, AZ"
INC-20230319-0304,Structure Fire,Fire,High,47.67744858396682,-122.23397418956132,2023-03-19,17:41:00,2023-03-19 17:41:00,1.0,2,"4243 Cedar Blvd, Seattle, AZ"
INC-20230331-0305,Cardiac Arrest,EMS,High,47.69107246955079,-122.33655109873648,2023-03-31,23:25:00,2023-03-31 23:25:00,2.7,1,"9636 Cedar Dr, Seattle, AZ"
INC-20230326-0306,Medical Emergency,EMS,Medium,47.70599527750222,-122.41132803219523,2023-03-26,04:55:00,2023-03-26 04:55:00,3.6,2,"2265 Oak Ave, Seattle, AZ"
INC-20230309-0307,Traffic Accident,EMS,Medium,47.66445733176034,-122.37188445006086,2023-03-09,02:47:00,2023-03-09 02:47:00,4.5,1,"6650 Oak Blvd, Seattle, AZ"
INC-20230205-0308,Medical Emergency,EMS,Medium,47.52584172477058,-122.21863626623295,2023-02-05,17:16:00,2023-02-05 17:16:00,8.3,1,"2495 Pine St, Seattle, AZ"
INC-20230207-0309,Structure Fire,Fire,High,47.537330439550544,-122.40435234709108,2023-02-07,14:44:00,2023-02-07 14:44:00,3.2,1,"2590 Oak Blvd, Seattle, AZ"
INC-20230311-0310,Medical Emergency,EMS,Medium,47.426190554945244,-122.4162817006751,2023-03-11,12:05:00,2023-03-11 12:05:00,6.0,2,"7249 Maple Blvd, Seattle, AZ"
INC-20230113-0311,Gas Leak,Fire,Medium,47.71138704238482,-122.3738476487429,2023-01-13,11:05:00,2023-01-13 11:05:00,5.4,2,"4940 Maple St, Seattle, AZ"
INC-20230117-0312,Structure Fire,Fire,High,47.4095682331514,-122.24336964064901,2023-01-17,05:45:00,2023-01-17 05:45:00,6.1,2,"4935 Cedar Blvd, Seattle, AZ"
INC-20230308-0313,Fire Alarm,Fire,Low,47.65597020262999,-122.51766047703904,2023-03-08,16:20:00,2023-03-08 16:20:00,8.2,2,"1396 Cedar Dr, Seattle, AZ"
INC-20230213-0314,Medical Emergency,EMS,Medium,47.643252338366445,-122.30575424969336,2023-02-13,00:25:00,2023-02-13 00:25:00,5.9,1,"7190 Cedar St, Seattle, AZ"
INC-20230112-0315,Gas Leak,Fire,Medium,47.590641204549065,-122.28154170532768,2023-01-12,18:39:00,2023-01-12 18:39:00,6.7,2,"9575 Maple Ave, Seattle, AZ"
INC-20230201-0316,Structure Fire,Fire,High,47.58416112696404,-122.2430369534885,2023-02-01,17:17:00,2023-02-01 17:17:00,5.2,1,"8120 Oak Ave, Seattle, AZ"
INC-20230219-0317,Medical Emergency,EMS,Medium,47.566587069097366,-122.40089015094968,2023-02-19,04:20:00,2023-02-19 04:20:00,4.2,2,"1231 Main Dr, Seattle, AZ"
INC-20230305-0318,Traffic Accident,EMS,Medium,47.719785115541214,-122.37920097234156,2023-03-05,18:28:00,2023-03-05 18:28:00,5.3,3,"8991 Oak Ave, Seattle, AZ"
INC-20230331-0319,Fire Alarm,Fire,Low,47.37567046638655,-122.29957468563344,2023-03-31,16:58:00,2023-03-31 16:58:00,6.2,3,"2316 Maple Dr, Seattle, AZ"
INC-20230331-0320,Water Rescue,EMS,Medium,47.73661161853178,-122.36945542409339,2023-03-31,21:54:00,2023-03-31 21:54:00,6.9,3,"6072 Cedar St, Seattle, AZ"
INC-20230228-0321,Medical Emergency,EMS,Medium,47.65854391163449,-122.39358648911119,2023-02-28,19:49:00,2023-02-28 19:49:00,7.2,3,"5868 Maple Ave, Seattle, AZ"
INC-20230114-0322,Fire Alarm,Fire,Low,47.70507072825588,-122.27814512262587,2023-01-14,06:49:00,2023-01-14 06:49:00,11.2,1,"1231 Cedar Blvd, Seattle, AZ"
INC-20230317-0323,Fall,EMS,Low,47.5452856285989,-122.468187664232,2023-03-17,21:51:00,2023-03-17 21:51:00,7.8,1,"2331 Oak Dr, Seattle, AZ"
INC-20230228-0324,Structure Fire,Fire,High,47.5358568767446,-122.32081206517903,2023-02-28,03:21:00,2023-02-28 03:21:00,3.5,1,"7536 Oak Dr, Seattle, AZ"
INC-20230223-0325,Medical Emergency,EMS,Medium,47.479058001468886,-122.45589377127484,2023-02-23,07:41:00,2023-02-23 07:41:00,4.9,1,"6000 Main Dr, Seattle, AZ"
INC-20230220-0326,Fire Alarm,Fire,Low,47.52147820965056,-122.17122104619804,2023-02-20,10:47:00,2023-02-20 10:47:00,9.2,1,"1672 Main St, Seattle, AZ"
INC-20230109-0327,Traffic Accident,EMS,Medium,47.704960155962986,-122.30321613767109,2023-01-09,10:17:00,2023-01-09 10:17:00,7.2,1,"1880 Pine Ave, Seattle, AZ"
INC-20230225-0328,Fire Alarm,Fire,Low,47.76814160470549,-122.28109999336276,2023-02-25,20:26:00,2023-02-25 20:26:00,5.8,3,"5354 Pine Blvd, Seattle, AZ"
INC-20230106-0329,Traffic Accident,EMS,Medium,47.501899305565075,-122.37898157516001,2023-01-06,15:03:00,2023-01-06 15:03:00,5.6,2,"5266 Pine Blvd, Seattle, AZ"
INC-20230108-0330,Fall,EMS,Low,47.644632346507024,-122.25417802874725,2023-01-08,04:44:00,2023-01-08 04:44:00,10.6,2,"7886 Maple Dr, Seattle, AZ"
INC-20230131-0331,Traffic Accident,EMS,Medium,47.60592552514571,-122.55088667736815,2023-01-31,04:29:00,2023-01-31 04:29:00,2.0,2,"5848 Maple Blvd, Seattle, AZ"
INC-20230313-0332,Medical Emergency,EMS,Medium,47.65309962281858,-122.2895349777759,2023-03-13,18:42:00,2023-03-13 18:42:00,4.2,1,"1161 Cedar Blvd, Seattle, AZ"
INC-20230120-0333,Water Rescue,EMS,Medium,47.59846396531155,-122.32752413834348,2023-01-20,02:47:00,2023-01-20 02:47:00,7.7,2,"605 Cedar Ave, Seattle, AZ"
INC-20230326-0334,Medical Emergency,EMS,Medium,47.51976305201467,-122.33266856096922,2023-03-26,20:49:00,2023-03-26 20:49:00,6.1,1,"4623 Pine St, Seattle, AZ"
INC-20230214-0335,Cardiac Arrest,EMS,High,47.54844207149785,-122.13059958197762,2023-02-14,10:57:00,2023-02-14 10:57:00,5.4,3,"4190 Main Dr, Seattle, AZ"
INC-20230125-0336,Fire Alarm,Fire,Low,47.66448246779968,-122.27981435564415,2023-01-25,03:27:00,2023-01-25 03:27:00,7.8,3,"9510 Pine Blvd, Seattle, AZ"
INC-20230215-0337,Water Rescue,EMS,Medium,47.70208071381268,-122.11403850512895,2023-02-15,08:28:00,2023-02-15 08:28:00,7.1,1,"5835 Main Ave, Seattle, AZ"
INC-20230304-0338,Fire Alarm,Fire,Low,47.435603753225905,-122.14481351788534,2023-03-04,11:11:00,2023-03-04 11:11:00,9.0,1,"7088 Pine Blvd, Seattle, AZ"
INC-20230106-0339,Medical Emergency,EMS,Medium,47.659080455466395,-122.20138405072215,2023-01-06,01:15:00,2023-01-06 01:15:00,9.1,3,"8687 Oak Dr, Seattle, AZ"
INC-20230315-0340,Medical Emergency,EMS,Medium,47.511738958939,-122.54623842781649,2023-03-15,01:25:00,2023-03-15 01:25:00,6.8,1,"8729 Cedar Blvd, Seattle, AZ"
INC-20230101-0341,Medical Emergency,EMS,Medium,47.506958846687866,-122.36381411359004,2023-01-01,14:22:00,2023-01-01 14:22:00,5.8,1,"9809 Main Ave, Seattle, AZ"
INC-20230122-0342,Traffic Accident,EMS,Medium,47.576789540356685,-122.44580555974022,2023-01-22,02:25:00,2023-01-22 02:25:00,7.3,1,"7049 Main Ave, Seattle, AZ"
INC-20230117-0343,Gas Leak,Fire,Medium,47.509731710028476,-122.16047987776692,2023-01-17,07:32:00,2023-01-17 07:32:00,5.9,3,"5618 Main Dr, Seattle, AZ"
INC-20230222-0344,Medical Emergency,EMS,Medium,47.64965196219525,-122.34544303780524,2023-02-22,00:55:00,2023-02-22 00:55:00,4.4,2,"6679 Main Ave, Seattle, AZ"
INC-20230121-0345,Cardiac Arrest,EMS,High,47.597942654715844,-122.11786669994588,2023-01-21,14:39:00,2023-01-21 14:39:00,4.9,1,"379 Maple Blvd, Seattle, AZ"
INC-20230131-0346,Fall,EMS,Low,47.68176836663882,-122.34104626512884,2023-01-31,02:07:00,2023-01-31 02:07:00,6.6,1,"3015 Cedar Dr, Seattle, AZ"
INC-20230122-0347,Medical Emergency,EMS,Medium,47.66610145257391,-122.42037225172068,2023-01-22,14:14:00,2023-01-22 14:14:00,5.7,1,"5702 Oak Blvd, Seattle, AZ"
INC-20230302-0348,Structure Fire,Fire,High,47.59713922150203,-122.37889466533647,2023-03-02,21:28:00,2023-03-02 21:28:00,2.7,1,"2303 Oak St, Seattle, AZ"
INC-20230117-0349,Cardiac Arrest,EMS,High,47.58040214917025,-122.39053936385288,2023-01-17,20:53:00,2023-01-17 20:53:00,3.1,3,"5674 Oak Blvd, Seattle, AZ"
INC-20230306-0350,Gas Leak,Fire,Medium,47.5441628753323,-122.37821135345767,2023-03-06,18:56:00,2023-03-06 18:56:00,7.7,1,"6171 Main Ave, Seattle, AZ"
INC-20230306-0351,Medical Emergency,EMS,Medium,47.64293291712779,-122.48145647798243,2023-03-06,01:10:00,2023-03-06 01:10:00,5.7,3,"8831 Cedar Blvd, Seattle, AZ"
INC-20230221-0352,Structure Fire,Fire,High,47.61924704570826,-122.37768786204177,2023-02-21,12:19:00,2023-02-21 12:19:00,4.2,2,"2091 Main Blvd, Seattle, AZ"
INC-20230215-0353,Stroke,EMS,Low,47.70212571973772,-122.33661435711457,2023-02-15,11:47:00,2023-02-15 11:47:00,5.9,2,"1834 Maple St, Seattle, AZ"
INC-20230220-0354,Fall,EMS,Low,47.56714432069543,-122.25850073962349,2023-02-20,21:54:00,2023-02-20 21:54:00,13.6,2,"5460 Maple St, Seattle, AZ"
INC-20230122-0355,Fire Alarm,Fire,Low,47.672750487751095,-122.36420008722092,2023-01-22,22:24:00,2023-01-22 22:24:00,9.6,3,"6231 Pine Dr, Seattle, AZ"
INC-20230119-0356,Medical Emergency,EMS,Medium,47.631476478792734,-122.33667083197084,2023-01-19,05:59:00,2023-01-19 05:59:00,6.7,2,"1714 Cedar Blvd, Seattle, AZ"
INC-20230304-0357,Medical Emergency,EMS,Medium,47.46763206534777,-122.4713308105212,2023-03-04,19:21:00,2023-03-04 19:21:00,8.1,1,"1331 Main Blvd, Seattle, AZ"
INC-20230101-0358,Fall,EMS,Low,47.61715806392378,-122.27882119912263,2023-01-01,19:55:00,2023-01-01 19:55:00,6.6,3,"6763 Main Blvd, Seattle, AZ"
INC-20230130-0359,Unconscious Person,EMS,High,47.6072324756899,-122.4260018562936,2023-01-30,16:54:00,2023-01-30 16:54:00,4.4,1,"9560 Pine Dr, Seattle, AZ"
INC-20230216-0360,Medical Emergency,EMS,Medium,47.676715404535194,-122.36525628557978,2023-02-16,01:25:00,2023-02-16 01:25:00,5.0,3,"9594 Pine Blvd, Seattle, AZ"
INC-20230111-0361,Medical Emergency,EMS,Medium,47.515725208670105,-122.16964301845242,2023-01-11,04:06:00,2023-01-11 04:06:00,6.3,2,"2259 Pine Blvd, Seattle, AZ"
INC-20230211-0362,Medical Emergency,EMS,Medium,47.39111966562464,-122.25989375542704,2023-02-11,05:10:00,2023-02-11 05:10:00,4.7,2,"619 Main Ave, Seattle, AZ"
INC-20230325-0363,Medical Emergency,EMS,Medium,47.79176870415,-122.3146985363029,2023-03-25,21:01:00,2023-03-25 21:01:00,8.3,1,"7915 Cedar Ave, Seattle, AZ"
INC-20230215-0364,Medical Emergency,EMS,Medium,47.65084036531152,-122.2015177174844,2023-02-15,23:50:00,2023-02-15 23:50:00,5.2,1,"3619 Main Blvd, Seattle, AZ"
INC-20230106-0365,Medical Emergency,EMS,Medium,47.76867152730654,-122.3449508891554,2023-01-06,16:44:00,2023-01-06 16:44:00,7.3,1,"5944 Pine St, Seattle, AZ"
INC-20230330-0366,Traffic Accident,EMS,Medium,47.69201469477956,-122.2736100526817,2023-03-30,05:45:00,2023-03-30 05:45:00,7.4,1,"4247 Pine Ave, Seattle, AZ"
INC-20230227-0367,Traffic Accident,EMS,Medium,47.62005791797736,-122.29340548343264,2023-02-27,00:04:00,2023-02-27 00:04:00,8.7,1,"8412 Pine Dr, Seattle, AZ"
INC-20230217-0368,Structure Fire,Fire,High,47.52256069304054,-122.16227126244387,2023-02-17,02:37:00,2023-02-17 02:37:00,1.7,1,"9502 Oak St, Seattle, AZ"
INC-20230227-0369,Traffic Accident,EMS,Medium,47.64692279409636,-122.27403847283593,2023-02-27,13:33:00,2023-02-27 13:33:00,6.9,1,"9432 Cedar Dr, Seattle, AZ"
INC-20230316-0370,Traffic Accident,EMS,Medium,47.63656756531323,-122.28024146182962,2023-03-16,09:51:00,2023-03-16 09:51:00,3.9,3,"6412 Oak St, Seattle, AZ"
INC-20230210-0371,Fire Alarm,Fire,Low,47.66258428013257,-122.27816261816982,2023-02-10,00:29:00,2023-02-10 00:29:00,7.9,1,"7815 Oak Blvd, Seattle, AZ"
INC-20230311-0372,Structure Fire,Fire,High,47.651475975359965,-122.2534546868886,2023-03-11,19:16:00,2023-03-11 19:16:00,6.3,2,"2011 Main Dr, Seattle, AZ"
INC-20230123-0373,Traffic Accident,EMS,Medium,47.698058065809484,-122.42268086764909,2023-01-23,05:06:00,2023-01-23 05:06:00,9.6,2,"1154 Oak Dr, Seattle, AZ"
INC-20230219-0374,Medical Emergency,EMS,Medium,47.52698323554093,-122.36938274848666,2023-02-19,17:52:00,2023-02-19 17:52:00,2.0,3,"5428 Main Blvd, Seattle, AZ"
INC-20230131-0375,Traffic Accident,EMS,Medium,47.5937994953599,-122.2657518641443,2023-01-31,23:13:00,2023-01-31 23:13:00,4.5,2,"3906 Maple St, Seattle, AZ"
INC-20230304-0376,Medical Emergency,EMS,Medium,47.42239369320991,-122.36701720495326,2023-03-04,07:24:00,2023-03-04 07:24:00,4.2,3,"4318 Pine St, Seattle, AZ"
INC-20230212-0377,Medical Emergency,EMS,Medium,47.518097165468575,-122.39186318911469,2023-02-12,06:00:00,2023-02-12 06:00:00,6.6,1,"9058 Maple St, Seattle, AZ"
INC-20230308-0378,Fire Alarm,Fire,Low,47.6895820766708,-122.35323054291561,2023-03-08,08:18:00,2023-03-08 08:18:00,5.2,3,"9184 Cedar Ave, Seattle, AZ"
INC-20230221-0379,Difficulty Breathing,EMS,High,47.70041149498449,-122.20712222852879,2023-02-21,13:27:00,2023-02-21 13:27:00,2.9,3,"9944 Maple Blvd, Seattle, AZ"
INC-20230213-0380,Traffic Accident,EMS,Medium,47.55394587193018,-122.3319176125666,2023-02-13,05:07:00,2023-02-13 05:07:00,3.6,3,"484 Cedar Ave, Seattle, AZ"
INC-20230314-0381,Medical Emergency,EMS,Medium,47.60172572202463,-122.4431283284177,2023-03-14,18:10:00,2023-03-14 18:10:00,8.1,2,"3677 Oak Dr, Seattle, AZ"
INC-20230301-0382,Water Rescue,EMS,Medium,47.448439789716396,-122.26295294275278,2023-03-01,06:55:00,2023-03-01 06:55:00,3.2,3,"7636 Maple Blvd, Seattle, AZ"
INC-20230209-0383,Fire Alarm,Fire,Low,47.651923249665145,-122.5487363488694,2023-02-09,10:44:00,2023-02-09 10:44:00,8.2,3,"4204 Oak Dr, Seattle, AZ"
INC-20230113-0384,Structure Fire,Fire,High,47.62755127298672,-122.35747661269995,2023-01-13,05:53:00,2023-01-13 05:53:00,1.3,3,"2072 Main Dr, Seattle, AZ"
INC-20230310-0385,Vehicle Fire,Fire,Medium,47.79667332881051,-122.25215123233784,2023-03-10,02:50:00,2023-03-10 02:50:00,6.7,1,"9496 Oak St, Seattle, AZ"
INC-20230204-0386,Public Assist,EMS,Low,47.41474907787847,-122.247210448754,2023-02-04,04:08:00,2023-02-04 04:08:00,7.0,2,"3467 Cedar Dr, Seattle, AZ"
INC-20230103-0387,Fire Alarm,Fire,Low,47.48056634619661,-122.43428864176956,2023-01-03,01:01:00,2023-01-03 01:01:00,9.7,1,"3889 Maple St, Seattle, AZ"
INC-20230221-0388,Medical Emergency,EMS,Medium,47.71023830646093,-122.52698741562544,2023-02-21,10:54:00,2023-02-21 10:54:00,4.7,1,"6072 Maple St, Seattle, AZ"
INC-20230205-0389,Vehicle Fire,Fire,Medium,47.67758778510088,-122.2464879447924,2023-02-05,20:45:00,2023-02-05 20:45:00,8.1,3,"4453 Cedar Dr, Seattle, AZ"
INC-20230207-0390,Unconscious Person,EMS,High,47.74987371432919,-122.34877156491542,2023-02-07,06:41:00,2023-02-07 06:41:00,2.8,3,"6762 Maple St, Seattle, AZ"
INC-20230122-0391,Vehicle Fire,Fire,Medium,47.57660544506739,-122.32480806730099,2023-01-22,08:46:00,2023-01-22 08:46:00,5.8,3,"7764 Oak Blvd, Seattle, AZ"
INC-20230125-0392,Fire Alarm,Fire,Low,47.66030866965401,-122.60686015306354,2023-01-25,19:47:00,2023-01-25 19:47:00,4.8,2,"3236 Main St, Seattle, AZ"
INC-20230215-0393,Medical Emergency,EMS,Medium,47.65795925315481,-122.34281225032272,2023-02-15,09:13:00,2023-02-15 09:13:00,5.5,1,"1157 Main Dr, Seattle, AZ"
INC-20230214-0394,Medical Emergency,EMS,Medium,47.64016180099462,-122.10097856203369,2023-02-14,16:06:00,2023-02-14 16:06:00,8.6,3,"3252 Main Dr, Seattle, AZ"
INC-20230325-0395,Gas Leak,Fire,Medium,47.645185506215604,-122.3786485588995,2023-03-25,09:33:00,2023-03-25 09:33:00,4.1,2,"5470 Maple Blvd, Seattle, AZ"
INC-20230216-0396,Traffic Accident,EMS,Medium,47.50244230186135,-122.32824238670892,2023-02-16,01:55:00,2023-02-16 01:55:00,8.3,2,"5186 Oak Blvd, Seattle, AZ"
INC-20230103-0397,Medical Emergency,EMS,Medium,47.455868566825885,-122.53407527224758,2023-01-03,08:00:00,2023-01-03 08:00:00,2.0,2,"447 Oak Dr, Seattle, AZ"
INC-20230301-0398,Difficulty Breathing,EMS,High,47.52577639165139,-122.3770501139655,2023-03-01,10:59:00,2023-03-01 10:59:00,3.1,3,"1041 Main Blvd, Seattle, AZ"
INC-20230115-0399,Traffic Accident,EMS,Medium,47.58901247414801,-122.34659510097991,2023-01-15,12:48:00,2023-01-15 12:48:00,5.1,2,"6454 Maple Dr, Seattle, AZ"
INC-20230328-0400,Medical Emergency,EMS,Medium,47.44352493053225,-122.57410318959072,2023-03-28,02:22:00,2023-03-28 02:22:00,4.6,3,"5886 Main St, Seattle, AZ"
INC-20230107-0401,Fire Alarm,Fire,Low,47.61390117766462,-122.27813554285102,2023-01-07,19:13:00,2023-01-07 19:13:00,7.3,3,"7181 Maple Blvd, Seattle, AZ"
INC-20230313-0402,Public Assist,EMS,Low,47.72615801835926,-122.19038675470856,2023-03-13,09:45:00,2023-03-13 09:45:00,5.6,3,"419 Pine Dr, Seattle, AZ"
INC-20230320-0403,Medical Emergency,EMS,Medium,47.80663172381978,-122.34822209649052,2023-03-20,03:43:00,2023-03-20 03:43:00,5.9,2,"4543 Pine Ave, Seattle, AZ"
INC-20230319-0404,Structure Fire,Fire,High,47.643985702636094,-122.31822007315802,2023-03-19,00:21:00,2023-03-19 00:21:00,7.0,1,"6049 Main St, Seattle, AZ"
INC-20230202-0405,Fire Alarm,Fire,Low,47.75417884331433,-122.32162061060515,2023-02-02,21:42:00,2023-02-02 21:42:00,9.7,1,"7426 Pine Blvd, Seattle, AZ"
INC-20230301-0406,Public Assist,EMS,Low,47.66868066186296,-122.3250763055871,2023-03-01,14:43:00,2023-03-01 14:43:00,5.6,2,"3842 Cedar Ave, Seattle, AZ"
INC-20230224-0407,Medical Emergency,EMS,Medium,47.634090461170956,-122.23428264659434,2023-02-24,18:44:00,2023-02-24 18:44:00,5.5,3,"5736 Maple Blvd, Seattle, AZ"
INC-20230311-0408,Fall,EMS,Low,47.582389471390286,-122.21774240859023,2023-03-11,09:49:00,2023-03-11 09:49:00,13.2,3,"7518 Oak Dr, Seattle, AZ"
INC-20230222-0409,Fire Alarm,Fire,Low,47.542408038436584,-122.48101190158845,2023-02-22,00:53:00,2023-02-22 00:53:00,6.7,2,"6529 Oak Ave, Seattle, AZ"
INC-20230331-0410,Fire Alarm,Fire,Low,47.71468701560674,-122.34457251750598,2023-03-31,06:22:00,2023-03-31 06:22:00,4.4,3,"2168 Maple Dr, Seattle, AZ"
INC-20230331-0411,Public Assist,EMS,Low,47.51297414630507,-122.2367320520358,2023-03-31,13:44:00,2023-03-31 13:44:00,9.7,3,"9330 Main St, Seattle, AZ"
INC-20230301-0412,Unconscious Person,EMS,High,47.605548141385505,-122.37299967366506,2023-03-01,04:03:00,2023-03-01 04:03:00,4.0,3,"4446 Maple Blvd, Seattle, AZ"
INC-20230303-0413,Unconscious Person,EMS,High,47.433717958108524,-122.29966963616332,2023-03-03,21:26:00,2023-03-03 21:26:00,2.2,2,"1017 Maple St, Seattle, AZ"
INC-20230311-0414,Medical Emergency,EMS,Medium,47.67768313108241,-122.32440510982946,2023-03-11,00:03:00,2023-03-11 00:03:00,8.4,2,"1051 Main Dr, Seattle, AZ"
INC-20230301-0415,Vehicle Fire,Fire,Medium,47.73196977493676,-122.30793751803789,2023-03-01,04:52:00,2023-03-01 04:52:00,3.9,2,"2031 Pine Dr, Seattle, AZ"
INC-20230115-0416,Fire Alarm,Fire,Low,47.66144878336888,-122.36690530184687,2023-01-15,09:09:00,2023-01-15 09:09:00,6.2,2,"697 Pine Blvd, Seattle, AZ"
INC-20230318-0417,Medical Emergency,EMS,Medium,47.63468170949319,-122.3386679479392,2023-03-18,18:59:00,2023-03-18 18:59:00,5.5,3,"3725 Oak Dr, Seattle, AZ"
INC-20230312-0418,Structure Fire,Fire,High,47.683468678811636,-122.27337519873312,2023-03-12,12:39:00,2023-03-12 12:39:00,6.3,1,"3985 Oak Blvd, Seattle, AZ"
INC-20230110-0419,Traffic Accident,EMS,Medium,47.56477207634501,-122.1459542429601,2023-01-10,14:56:00,2023-01-10 14:56:00,8.0,3,"3181 Oak Ave, Seattle, AZ"
INC-20230101-0420,Structure Fire,Fire,High,47.64428247614374,-122.44051740203184,2023-01-01,13:50:00,2023-01-01 13:50:00,5.7,2,"7296 Maple St, Seattle, AZ"
INC-20230102-0421,Water Rescue,EMS,Medium,47.62779465385564,-122.53275154432556,2023-01-02,00:14:00,2023-01-02 00:14:00,3.0,3,"8399 Oak Ave, Seattle, AZ"
INC-20230204-0422,Medical Emergency,EMS,Medium,47.4595246859787,-122.18579543080334,2023-02-04,05:34:00,2023-02-04 05:34:00,7.6,3,"4130 Main Dr, Seattle, AZ"
INC-20230219-0423,Gas Leak,Fire,Medium,47.58788139898848,-122.33145009816866,2023-02-19,08:31:00,2023-02-19 08:31:00,7.7,2,"5921 Cedar Dr, Seattle, AZ"
INC-20230110-0424,Traffic Accident,EMS,Medium,47.65634694839327,-122.47136243820361,2023-01-10,16:55:00,2023-01-10 16:55:00,7.0,2,"6027 Main Blvd, Seattle, AZ"
INC-20230218-0425,Structure Fire,Fire,High,47.671130222000336,-122.42487071974335,2023-02-18,08:54:00,2023-02-18 08:54:00,3.5,2,"688 Main Blvd, Seattle, AZ"
INC-20230223-0426,Public Assist,EMS,Low,47.5350186241478,-122.4225579888966,2023-02-23,15:19:00,2023-02-23 15:19:00,7.7,1,"2840 Pine Ave, Seattle, AZ"
INC-20230324-0427,Medical Emergency,EMS,Medium,47.47121836543728,-122.38470695014718,2023-03-24,04:50:00,2023-03-24 04:50:00,2.0,3,"3821 Oak Dr, Seattle, AZ"
INC-20230128-0428,Medical Emergency,EMS,Medium,47.676972201375264,-122.34860137400076,2023-01-28,11:15:00,2023-01-28 11:15:00,7.8,1,"4849 Main Blvd, Seattle, AZ"
INC-20230330-0429,Fire Alarm,Fire,Low,47.713305965803364,-122.47839966354077,2023-03-30,12:19:00,2023-03-30 12:19:00,6.6,3,"3955 Maple St, Seattle, AZ"
INC-20230121-0430,Medical Emergency,EMS,Medium,47.521885064740985,-122.46133053412572,2023-01-21,09:11:00,2023-01-21 09:11:00,4.7,1,"808 Pine Dr, Seattle, AZ"
INC-20230214-0431,Medical Emergency,EMS,Medium,47.67971596320107,-122.29501007463327,2023-02-14,14:34:00,2023-02-14 14:34:00,4.0,1,"2907 Oak Ave, Seattle, AZ"
INC-20230125-0432,Medical Emergency,EMS,Medium,47.68901011116165,-122.34807683640693,2023-01-25,18:49:00,2023-01-25 18:49:00,7.5,2,"4940 Pine St, Seattle, AZ"
INC-20230217-0433,Fire Alarm,Fire,Low,47.735457587002244,-122.41188492168538,2023-02-17,16:03:00,2023-02-17 16:03:00,5.9,1,"2565 Cedar St, Seattle, AZ"
INC-20230116-0434,Medical Emergency,EMS,Medium,47.67347292137328,-122.24747121148552,2023-01-16,06:14:00,2023-01-16 06:14:00,5.8,1,"7839 Pine Ave, Seattle, AZ"
INC-20230220-0435,Medical Emergency,EMS,Medium,47.55051091203386,-122.34988916963465,2023-02-20,10:04:00,2023-02-20 10:04:00,5.3,1,"1642 Main Blvd, Seattle, AZ"
INC-20230327-0436,Traffic Accident,EMS,Medium,47.51418115120945,-122.2596031645075,2023-03-27,03:17:00,2023-03-27 03:17:00,6.3,1,"5392 Pine Blvd, Seattle, AZ"
INC-20230121-0437,Cardiac Arrest,EMS,High,47.59818588036439,-122.53649682323685,2023-01-21,12:17:00,2023-01-21 12:17:00,1.9,1,"1096 Cedar Ave, Seattle, AZ"
INC-20230218-0438,Structure Fire,Fire,High,47.60514881636053,-122.33489555338082,2023-02-18,07:44:00,2023-02-18 07:44:00,5.3,3,"2656 Pine Dr, Seattle, AZ"
INC-20230209-0439,Medical Emergency,EMS,Medium,47.54621786028255,-122.27511106556196,2023-02-09,19:43:00,2023-02-09 19:43:00,3.9,1,"4866 Main St, Seattle, AZ"
INC-20230118-0440,Fall,EMS,Low,47.72122508969856,-122.32022186733397,2023-01-18,20:05:00,2023-01-18 20:05:00,7.7,3,"2570 Cedar Blvd, Seattle, AZ"
INC-20230127-0441,Traffic Accident,EMS,Medium,47.61917710038684,-122.22728304578193,2023-01-27,07:11:00,2023-01-27 07:11:00,6.6,1,"294 Oak St, Seattle, AZ"
INC-20230113-0442,Medical Emergency,EMS,Medium,47.70777610429481,-122.41526168709744,2023-01-13,13:17:00,2023-01-13 13:17:00,8.0,2,"1813 Maple St, Seattle, AZ"
INC-20230105-0443,Medical Emergency,EMS,Medium,47.76394444833733,-122.33675689048098,2023-01-05,22:02:00,2023-01-05 22:02:00,6.7,1,"1183 Cedar St, Seattle, AZ"
INC-20230226-0444,Medical Emergency,EMS,Medium,47.65544759485149,-122.22772025563911,2023-02-26,20:49:00,2023-02-26 20:49:00,6.8,2,"3136 Main Dr, Seattle, AZ"
INC-20230115-0445,Water Rescue,EMS,Medium,47.748732386533554,-122.23326168045926,2023-01-15,09:23:00,2023-01-15 09:23:00,7.3,1,"9248 Main St, Seattle, AZ"
INC-20230115-0446,Medical Emergency,EMS,Medium,47.59795181390082,-122.33299849435976,2023-01-15,16:55:00,2023-01-15 16:55:00,3.7,2,"8898 Main Dr, Seattle, AZ"
INC-20230321-0447,Structure Fire,Fire,High,47.425372203116886,-122.43359216892738,2023-03-21,20:58:00,2023-03-21 20:58:00,2.7,2,"8514 Cedar Dr, Seattle, AZ"
INC-20230202-0448,Medical Emergency,EMS,Medium,47.620327566032145,-122.35123327679145,2023-02-02,06:44:00,2023-02-02 06:44:00,4.8,2,"6839 Maple Dr, Seattle, AZ"
INC-20230127-0449,Public Assist,EMS,Low,47.576663343267484,-122.44377484565177,2023-01-27,15:40:00,2023-01-27 15:40:00,7.5,2,"3485 Pine St, Seattle, AZ"
INC-20230107-0450,Medical Emergency,EMS,Medium,47.73989025105413,-122.14670122205034,2023-01-07,09:37:00,2023-01-07 09:37:00,4.2,3,"7343 Main Blvd, Seattle, AZ"
INC-20230311-0451,Fire Alarm,Fire,Low,47.66266699052805,-122.23656001547194,2023-03-11,16:45:00,2023-03-11 16:45:00,7.1,1,"1308 Pine Ave, Seattle, AZ"
INC-20230111-0452,Medical Emergency,EMS,Medium,47.529511269487934,-122.31887268465552,2023-01-11,01:11:00,2023-01-11 01:11:00,7.1,3,"4077 Cedar Dr, Seattle, AZ"
INC-20230112-0453,Traffic Accident,EMS,Medium,47.69003224689673,-122.54843113142917,2023-01-12,15:30:00,2023-01-12 15:30:00,6.4,1,"5621 Main St, Seattle, AZ"
INC-20230216-0454,Medical Emergency,EMS,Medium,47.608599929549705,-122.49271784608192,2023-02-16,15:22:00,2023-02-16 15:22:00,7.6,1,"4431 Cedar Blvd, Seattle, AZ"
INC-20230329-0455,Traffic Accident,EMS,Medium,47.72370944846651,-122.3192018450042,2023-03-29,13:00:00,2023-03-29 13:00:00,4.6,2,"6351 Maple Ave, Seattle, AZ"
INC-20230112-0456,Medical Emergency,EMS,Medium,47.6332403983305,-122.16380860932082,2023-01-12,04:15:00,2023-01-12 04:15:00,8.9,1,"7542 Oak Blvd, Seattle, AZ"
INC-20230302-0457,Medical Emergency,EMS,Medium,47.45626730666239,-122.23477764942795,2023-03-02,02:43:00,2023-03-02 02:43:00,5.8,2,"1120 Oak Ave, Seattle, AZ"
INC-20230320-0458,Unconscious Person,EMS,High,47.70940017823158,-122.23869986079514,2023-03-20,04:29:00,2023-03-20 04:29:00,4.5,3,"2541 Main Blvd, Seattle, AZ"
INC-20230228-0459,Fall,EMS,Low,47.558149867071016,-122.34109351648269,2023-02-28,05:04:00,2023-02-28 05:04:00,10.6,2,"6462 Pine St, Seattle, AZ"
INC-20230327-0460,Medical Emergency,EMS,Medium,47.563220983225285,-122.3110421555061,2023-03-27,01:17:00,2023-03-27 01:17:00,8.0,3,"4609 Cedar Dr, Seattle, AZ"
INC-20230110-0461,Fire Alarm,Fire,Low,47.64956112392045,-122.416807807539,2023-01-10,07:41:00,2023-01-10 07:41:00,8.1,2,"2267 Pine Blvd, Seattle, AZ"
INC-20230222-0462,Medical Emergency,EMS,Medium,47.76353834443255,-122.40200351290825,2023-02-22,22:53:00,2023-02-22 22:53:00,2.9,3,"2414 Oak Blvd, Seattle, AZ"
INC-20230113-0463,Fire Alarm,Fire,Low,47.54293151527764,-122.48122874311812,2023-01-13,13:27:00,2023-01-13 13:27:00,8.5,2,"6712 Cedar Blvd, Seattle, AZ"
INC-20230208-0464,Medical Emergency,EMS,Medium,47.62893447716059,-122.29204183466996,2023-02-08,20:28:00,2023-02-08 20:28:00,7.9,2,"2952 Cedar Blvd, Seattle, AZ"
INC-20230302-0465,Structure Fire,Fire,High,47.68423793572775,-122.32135242414584,2023-03-02,22:34:00,2023-03-02 22:34:00,2.6,1,"5106 Maple Ave, Seattle, AZ"
INC-20230318-0466,Fire Alarm,Fire,Low,47.50173427221133,-122.36405515886116,2023-03-18,09:46:00,2023-03-18 09:46:00,3.0,2,"1649 Maple Dr, Seattle, AZ"
INC-20230317-0467,Structure Fire,Fire,High,47.577538961172934,-122.36332333577053,2023-03-17,13:22:00,2023-03-17 13:22:00,5.0,2,"8807 Main Dr, Seattle, AZ"
INC-20230316-0468,Traffic Accident,EMS,Medium,47.46669886708269,-122.19861473165254,2023-03-16,19:40:00,2023-03-16 19:40:00,5.3,3,"5976 Oak Blvd, Seattle, AZ"
INC-20230122-0469,Structure Fire,Fire,High,47.693898808098496,-122.25426824408511,2023-01-22,11:04:00,2023-01-22 11:04:00,4.3,3,"7873 Pine Ave, Seattle, AZ"
INC-20230226-0470,Fire Alarm,Fire,Low,47.59870458514926,-122.43944492418927,2023-02-26,17:25:00,2023-02-26 17:25:00,6.3,2,"5686 Cedar Blvd, Seattle, AZ"
INC-20230102-0471,Medical Emergency,EMS,Medium,47.54821210380027,-122.46011726624813,2023-01-02,04:13:00,2023-01-02 04:13:00,3.9,3,"6385 Cedar Dr, Seattle, AZ"
INC-20230217-0472,Fire Alarm,Fire,Low,47.52870551856962,-122.44184989794952,2023-02-17,16:32:00,2023-02-17 16:32:00,5.3,2,"3078 Oak Blvd, Seattle, AZ"
INC-20230215-0473,Medical Emergency,EMS,Medium,47.60011688275673,-122.37998703957516,2023-02-15,02:37:00,2023-02-15 02:37:00,7.3,3,"1485 Pine Dr, Seattle, AZ"
INC-20230207-0474,Medical Emergency,EMS,Medium,47.519296354593365,-122.214246729481,2023-02-07,23:52:00,2023-02-07 23:52:00,5.8,1,"1780 Oak Blvd, Seattle, AZ"
INC-20230314-0475,Fire Alarm,Fire,Low,47.59673046134638,-122.3632734210034,2023-03-14,17:13:00,2023-03-14 17:13:00,6.7,3,"6201 Maple St, Seattle, AZ"
INC-20230314-0476,Cardiac Arrest,EMS,High,47.796670476636685,-122.18753227200271,2023-03-14,08:01:00,2023-03-14 08:01:00,2.1,2,"1645 Cedar St, Seattle, AZ"
INC-20230312-0477,Cardiac Arrest,EMS,High,47.69916197699355,-122.2071087391507,2023-03-12,21:33:00,2023-03-12 21:33:00,4.3,3,"4231 Main Dr, Seattle, AZ"
INC-20230224-0478,Public Assist,EMS,Low,47.547133249773466,-122.39254675457668,2023-02-24,16:01:00,2023-02-24 16:01:00,8.9,2,"5427 Oak Dr, Seattle, AZ"
INC-20230101-0479,Medical Emergency,EMS,Medium,47.57028952059836,-122.34855854013712,2023-01-01,07:36:00,2023-01-01 07:36:00,6.1,3,"8218 Main Ave, Seattle, AZ"
INC-20230315-0480,Public Assist,EMS,Low,47.523422512982556,-122.32090943137723,2023-03-15,17:10:00,2023-03-15 17:10:00,9.9,3,"1882 Pine St, Seattle, AZ"
INC-20230116-0481,Medical Emergency,EMS,Medium,47.59533787854824,-122.35277712596292,2023-01-16,07:49:00,2023-01-16 07:49:00,8.2,2,"9744 Pine Blvd, Seattle, AZ"
INC-20230323-0482,Structure Fire,Fire,High,47.58308487513911,-122.28951777965626,2023-03-23,14:28:00,2023-03-23 14:28:00,5.4,1,"248 Maple Dr, Seattle, AZ"
INC-20230218-0483,Medical Emergency,EMS,Medium,47.64096584255756,-122.27988032009394,2023-02-18,00:19:00,2023-02-18 00:19:00,7.0,1,"6904 Pine Dr, Seattle, AZ"
INC-20230322-0484,Fire Alarm,Fire,Low,47.658284518854806,-122.39635745895708,2023-03-22,12:16:00,2023-03-22 12:16:00,5.6,3,"1956 Maple St, Seattle, AZ"
INC-20230130-0485,Vehicle Fire,Fire,Medium,47.80929421373429,-122.44782904036995,2023-01-30,19:59:00,2023-01-30 19:59:00,7.4,2,"2663 Oak Blvd, Seattle, AZ"
INC-20230208-0486,Unconscious Person,EMS,High,47.426500545613756,-122.27828137307351,2023-02-08,08:50:00,2023-02-08 08:50:00,4.8,1,"6506 Main Dr, Seattle, AZ"
INC-20230206-0487,Cardiac Arrest,EMS,High,47.61842474633895,-122.32190353912077,2023-02-06,07:10:00,2023-02-06 07:10:00,3.2,3,"337 Main Dr, Seattle, AZ"
INC-20230215-0488,Medical Emergency,EMS,Medium,47.61679653081255,-122.24765126997742,2023-02-15,05:33:00,2023-02-15 05:33:00,8.6,1,"6889 Pine St, Seattle, AZ"
INC-20230129-0489,Medical Emergency,EMS,Medium,47.84569706039088,-122.27381994655205,2023-01-29,09:17:00,2023-01-29 09:17:00,5.0,2,"5246 Maple Dr, Seattle, AZ"
INC-20230331-0490,Stroke,EMS,Low,47.6595018971136,-122.13891986217861,2023-03-31,11:31:00,2023-03-31 11:31:00,7.2,2,"5184 Oak St, Seattle, AZ"
INC-20230209-0491,Fire Alarm,Fire,Low,47.65499498839006,-122.27091876466707,2023-02-09,20:24:00,2023-02-09 20:24:00,9.0,3,"3088 Cedar St, Seattle, AZ"
INC-20230316-0492,Medical Emergency,EMS,Medium,47.60099589231464,-122.44215589494432,2023-03-16,23:09:00,2023-03-16 23:09:00,2.0,3,"2854 Maple Dr, Seattle, AZ"
INC-20230118-0493,Medical Emergency,EMS,Medium,47.44946409733035,-122.49811440499707,2023-01-18,13:30:00,2023-01-18 13:30:00,5.4,2,"616 Pine Ave, Seattle, AZ"
INC-20230211-0494,Traffic Accident,EMS,Medium,47.606746481176245,-122.43910022722034,2023-02-11,04:04:00,2023-02-11 04:04:00,2.1,2,"1441 Pine Ave, Seattle, AZ"
INC-20230222-0495,Fire Alarm,Fire,Low,47.61396787383592,-122.2174520598013,2023-02-22,00:06:00,2023-02-22 00:06:00,3.2,1,"7217 Main St, Seattle, AZ"
INC-20230207-0496,Traffic Accident,EMS,Medium,47.6583410663364,-122.27140284311291,2023-02-07,23:46:00,2023-02-07 23:46:00,6.5,3,"9706 Cedar Dr, Seattle, AZ"
INC-20230115-0497,Traffic Accident,EMS,Medium,47.58373471428753,-122.44268663323827,2023-01-15,08:33:00,2023-01-15 08:33:00,8.8,1,"2559 Cedar Ave, Seattle, AZ"
INC-20230129-0498,Medical Emergency,EMS,Medium,47.60844048564513,-122.37986153423078,2023-01-29,16:22:00,2023-01-29 16:22:00,8.5,2,"4666 Main Blvd, Seattle, AZ"
INC-20230114-0499,Medical Emergency,EMS,Medium,47.38943031024484,-122.278660079682,2023-01-14,12:17:00,2023-01-14 12:17:00,8.2,1,"8908 Maple Ave, Seattle, AZ"
INC-20230311-0500,Water Rescue,EMS,Medium,47.635051433377114,-122.25314858140347,2023-03-11,06:40:00,2023-03-11 06:40:00,8.4,2,"5910 Main Dr, Seattle, AZ"
